"Investor ID","Investor / Organisation","Investor Type","Subcategory","Country","City","Official Website","LinkedIn","Professional Phone Number (best)","Investment Contact Phone","General Office Phone","Investor Relations Phone","Phone Verification Status","Phone Source","Investment Email","General Email","Email Source","Investment Focus","Healthcare Focus","Technology Focus","Geography Focus","Investment Stage","Typical Ticket","Fund Size / Assets","Relevant Portfolio","Vytalix Fit (Sector /20)","Stage Fit /15","Ticket Fit /15","Geographic Fit /10","Strategic Value /15","MaternaLink Fit /10","Accessibility /5","Network Value /10","VYTALIX INVESTOR FIT SCORE /100","CONTACTABILITY SCORE /10","Investment Probability","Overall Score","Tier","Priority","Relevant Decision Maker","Decision Maker Role","Decision Maker Source","Contact Route","Warm Intro Possibility","Source","Last Verified","CRM Status","Next Action","Why Investor for Vytalix","Likely Objection","Recommended Pitch Angle","Notes","Research Batch"
"VX-001","Octopus Ventures","Venture Capital","Multi-stage VC with dedicated health team and pre-seed programme","United Kingdom","London","https://octopusventures.com/","https://www.linkedin.com/company/octopus-ventures/","PHONE NOT PUBLICLY AVAILABLE","","","","PHONE NOT PUBLICLY AVAILABLE","","NOT PUBLICLY AVAILABLE","NOT PUBLICLY AVAILABLE","https://octopusventures.com/contact/","B2B software, fintech, health, deep tech, consumer; pre-seed to Series B+","Yes - dedicated health investment team (digital health, healthtech, bio); health-investments page","Digital platforms, AI, SaaS, health data","UK and Europe","Pre-seed (standard £100k cheque via pre-seed team), Seed, Series A, Series B+","£100k pre-seed; £1m-£10m seed/Series A (per octopusventures.com FAQ / partnershipsbuddy summary)","c.£2bn+ AUM across funds (ESTIMATE from public reporting)","Vira Health (menopause / older women's health; led $12m seed), Perci Health (cancer survivorship digital care), Elvie (women's health hardware - prior knowledge)","18","13","13","10","12","7","3","9","85","6","High","81","A","A-Tier (80–100): immediate personalised outreach","Will Gibbs","Partner, Health team (name from prior knowledge - confirm on team page)","https://octopusventures.com/health-investments/","Web pitch form: https://octopusventures.com/contact/ (pre-seed team makes decisions within ~2 weeks per FAQ)","Possible - via Vira Health or Perci Health founders (women's-health portfolio) or Octopus pre-seed alumni","https://octopusventures.com/contact/;https://octopusventures.com/health-investments/;https://octopusventures.com/about/faq/;https://octopusgroup.com/newsroom/latest-news/octopus-ventures-launches-pre-seed-team-led-by-seedcamp-and-uber-alumni/;https://www.uktechnews.info/2022/03/15/vira-health-secures-9-2-million-seed-investment-led-by-octopus-ventures/;https://register.fca.org.uk/s/firm?id=001b000000MfISpAAN;https://find-and-update.company-information.service.gov.uk/company/03843058","2026-09-07","Researched","Verify phone via official contact page; send personalised email/LinkedIn to Will Gibbs; seek warm intro.","Octopus runs a dedicated £100k pre-seed programme plus a health team that has already led rounds in women's-health companies (Vira Health), so it can meet Vytalix at pre-formation stage and follow on.","Octopus will ask why a services-led group with an undocumented MaternaLink IP position and no UK clinical partner is a venture-scale software company rather than a consultancy.","Position MaternaLink (in development) as a UK-first maternal care-coordination platform aimed at the MBRRACE-UK Black maternal-outcomes gap, with a clear IP-consolidation and NHS pilot plan before asking for the £100k pre-seed cheque.","Registered address 33 Holborn, London EC1N 2HT (Companies House). Official contact page pushes online pitch submission; no team phone shown in official-domain search results. A personal staff email surfaced in a search snippet but is not a published general inbox so it is not recorded. FCA-authorised (Octopus Ventures Limited).","01_uk_health_vc.csv"
"VX-002","Ada Ventures","Venture Capital","Inclusive pre-seed / seed VC (themes: healthy ageing, climate equity, economic empowerment)","United Kingdom","London","https://www.adaventures.com/","https://uk.linkedin.com/company/ada-ventures","PHONE NOT PUBLICLY AVAILABLE","","","","PHONE NOT PUBLICLY AVAILABLE","","NOT PUBLICLY AVAILABLE","NOT PUBLICLY AVAILABLE","https://www.adaventures.com/","Pre-seed and seed technology companies for 'a better human future' across healthy ageing, climate equity and economic empowerment; inclusive sourcing (Ada Scouts)","Yes - healthy ageing / health is one of three core themes; healthcare Venture Partners (e.g. Alasdair Thong)","Software, digital platforms, AI","UK-first, Northern Europe","Pre-seed, Seed","£250k-£1.5m (Fund II, per adaventures.com / Better Society Capital)","Fund II (2023) c.£63m (prior knowledge; TO VALIDATE)","Multiomic Health (metabolic health), plus Fund I health companies (e.g. Bippit / Organise - non-health; prior knowledge not verified)","15","15","15","10","9","7","4","7","82","6","High","79","A","A-Tier (80–100): immediate personalised outreach","Check Warner","Co-founder and Partner (name from prior knowledge - confirm on team page)","https://www.adaventures.com/","Web pitch portal on https://www.adaventures.com/ (dedicated founder submission form; open to cold applications)","Possible - via Ada Scouts network (community scouts paid to refer under-represented founders)","https://www.adaventures.com/;https://uk.linkedin.com/company/ada-ventures;https://bettersocietycapital.com/portfolio/ada-ventures-i/;https://signal.nfx.com/investor-lists/top-digital-health-pre-seed-investors;https://superscout.co/investor/ada-ventures","2026-09-07","Researched","Verify phone via official contact page; send personalised email/LinkedIn to Check Warner; seek warm intro.","Ada writes £250k-£1.5m pre-seed cheques through an open portal, has a health theme and an explicit inclusion mandate that aligns with MaternaLink's focus on Black maternal-health disparities.","Ada's health theme is framed around healthy ageing, so it may see a maternal-health platform with a Nigeria government-sales story as off-thesis and too early on evidence.","Lead with the UK Black maternal-outcomes gap as an equity problem, the founder's lived proximity to it, and a UK-first care-coordination v1 with a costed pilot, keeping Nigeria as a later option value.","Explicitly backs 'the best, not just the best-connected' with an open portal - strong fit for a Black founder building for Black maternal outcomes. Better Society Capital is an LP in Fund I (impact lens). No phone shown on official site in results.","01_uk_health_vc.csv"
"VX-003","TLcom Capital","Venture Capital","Africa-focused seed/Series A VC (UK-registered LLP with Lagos and Nairobi offices)","United Kingdom","London (also Lagos, Nairobi)","https://www.tlcomcapital.com","","+44 20 82377070 (London); +234 708 4974244 (Lagos)","","+44 20 82377070 (London); +234 708 4974244 (Lagos)","","VERIFIED 2026-09-07 (source in phone_source_url)","https://tlcomcapital.com/contact-us","NOT PUBLICLY AVAILABLE","info@tlcomcapital.com (London); info-ng@tlcomcapital.com (Lagos)","https://tlcomcapital.com/contact-us","Seed and Series A tech companies in Africa: fintech, mobility, agriculture, healthcare, education, e-commerce; added a pre-seed strategy in 2022","Yes - healthcare is a named sector; portfolio includes Ilara Health (Kenya)","Software platforms, digital services","Pan-African (Nigeria and Kenya focus) with London HQ","Pre-seed (selective), Seed, Series A","US$500k-US$15m for seed and Series A; smaller pre-seed cheques via Eloho Omame's pre-seed mandate","TIDE Africa Fund II US$154m (final close 2024); Fund I US$71m","Ilara Health (health-tech, Kenya), Pula (agri-insurance), Andela, Twiga, uLesson","14","11","9","10","13","7","4","9","77","9","High","79","B","B-Tier (65–79): targeted relationship development","Eloho Omame","Partner (Lagos; leads pre-seed and female-founder investing)","https://techcrunch.com/2022/06/27/tlcom-capital-appoints-eloho-omame-as-partner-to-back-more-pre-seed-and-female-led-startups/","Pitch page https://www.tlcomcapital.com/contact ('Pitch to Us'); email info@tlcomcapital.com; London office +44 20 82377070","Possible - via FirstCheck Africa (Eloho Omame's female-founder community) or Nigerian portfolio founders","https://tlcomcapital.com/contact-us;https://www.tlcomcapital.com/contact;https://find-and-update.company-information.service.gov.uk/company/OC315522;https://techcrunch.com/2022/06/27/tlcom-capital-appoints-eloho-omame-as-partner-to-back-more-pre-seed-and-female-led-startups/;https://african.business/2022/01/technology-information/tlcom-announces-70m-first-close-on-tech-fund","2026-09-07","Researched","Call to qualify fit and process; log outcome; send one-pager.","A London-registered Africa fund with Lagos and Nairobi offices, a healthcare mandate (Ilara Health) and a Lagos partner explicitly tasked with pre-seed and female-founder deals.","Core cheques start at US$500k for companies with a live product and revenue in an African market, so Vytalix would need a Nigerian pilot and a documented MaternaLink IP position first.","Approach Eloho Omame's pre-seed track with a maternal-health thesis for Nigeria, emphasising the UK-Nigeria structure and NHS-grade clinical governance as differentiation.","UK LLP (Companies House OC315522) - useful for a UK-domiciled company investing into Nigeria. Fund II size from prior knowledge - TO VALIDATE; search confirmed US$70m first close of the US$150m target.","04_africa_em_vc.csv"
"VX-004","AlbionVC","Venture Capital","UK seed / Series A VC for B2B software and healthcare (VCT-backed; manages UCL Technology Fund)","United Kingdom","London","https://albion.vc/","https://www.linkedin.com/company/albionvc","+44 (0)20 7601 1850","","+44 (0)20 7601 1850","","VERIFIED 2026-09-07 (source in phone_source_url)","https://albion.vc/contact-us/","NOT PUBLICLY AVAILABLE","NOT PUBLICLY AVAILABLE","https://albion.vc/contact-us/","UK early-stage B2B software and healthcare; seed and Series A","Yes - healthtech portfolio of c.15 companies (digital care, GP/hospital solutions, data aggregation, AI analytics, decentralised trials); Healthtech Hub; partnership with Harley Street Health District","Digital health, SaaS, AI analytics, life sciences","United Kingdom","Seed, Series A","$1m-$5m initial (per privateequitylist summary); can go smaller via UCL Technology Fund","c.$1bn venture funds under management, 50+ companies","Oviva (virtual weight-management clinic, backed since 2016 seed), plus 15 healthtech companies across digital care and NHS-facing solutions; Freeline and Orchard Therapeutics (life sciences)","18","11","10","10","13","5","4","9","80","7","High","78","A","A-Tier (80–100): immediate personalised outreach","Dr Christoph Ruedig","Partner, healthcare (name from prior knowledge - confirm on https://albion.vc/team/)","https://albion.vc/team/","Contact form https://albion.vc/contact-us/ or office phone; Healthtech Hub https://albion.vc/healthtech-hub/","Possible - via Harley Street Health District partnership, UCL Technology Fund network or Oviva alumni","https://albion.vc/contact-us/;https://albion.vc/team/;https://albion.vc/healthtech-hub/;https://albion.vc/complaints-procedures/;https://find-and-update.company-information.service.gov.uk/company/OC341254;https://www.frontiers.health/stories/announcement/a-partner-to-visionary-founders-in-digital-health-and-life-sciences-albionvc-returns-for-fh23","2026-09-07","Researched","Call investment team using verified number; follow with personalised email same day.","AlbionVC is one of the few UK VCs with a dedicated healthtech practice, NHS-facing portfolio and a verified office line, making it a realistic seed lead once Vytalix has a UK pilot.","Albion's healthcare team will ask for clinical evidence, NHS procurement understanding and a documented IP position, none of which Vytalix can evidence today.","Use the Harley Street Health District link: propose MaternaLink as a care-coordination pilot for a London maternity pathway with measurable outcome and equity metrics before requesting a seed cheque.","Phone and address (1 Benjamin Street, London EC1M 5QL) shown in official-domain (albion.vc) search results - a firm switchboard, not a direct investment line. Email on contact page is obfuscated in search results so not recorded.","01_uk_health_vc.csv"
"VX-005","Ventures Platform","Venture Capital","Africa-focused generalist VC (pre-seed to pre-Series A)","Nigeria","Lagos / Abuja","https://www.venturesplatform.com","","+234 809 041 5327","","+234 809 041 5327","","VERIFIED 2026-09-07 (source in phone_source_url)","https://www.venturesplatform.com/contact-us","NOT PUBLICLY AVAILABLE","hello@venturesplatform.com","https://www.venturesplatform.com/contact-us","Early-stage African tech: fintech, enterprise software, health tech, agritech, edtech, AI; 90+ portfolio companies; Fund II runs pre-seed, seed and pre-Series A entry strategies","Yes - health tech is a named sector; specific health names (e.g. Reliance Health, Remedial Health) are prior knowledge - TO VALIDATE","Software, AI, platforms","Pan-African, Nigeria-headquartered (Abuja HQ, Lagos office at Ventures Park, Victoria Island)","Pre-seed, Seed, Pre-Series A","First cheque up to US$3m, average ~US$1.5m (Fund II); Fund I cheques were up to US$1m","Fund II final close US$84m (Aug 2026); Fund I US$46m (2022)","Health tech named as a core sector across 90+ companies (per TechCrunch/TechCabal 2026); specific maternal-health names not confirmed in search","14","13","11","8","12","7","4","8","77","8","High","77","B","B-Tier (65–79): targeted relationship development","Kola Aina","Founder & General Partner","https://www.venturesplatform.com/team","Email hello@venturesplatform.com or web contact form https://www.venturesplatform.com/contact-us; phone +234 809 041 5327","Possible - via Ventures Park (Abuja) community or any Nigerian portfolio founder","https://www.venturesplatform.com/contact-us;https://www.venturesplatform.com/team;https://techcrunch.com/2026/08/26/ventures-platform-goes-bigger-and-broader-with-its-second-africa-fund/;https://techcabal.com/2026/08/26/ventures-platform-second-fund/","2026-09-07","Researched","Call to qualify fit and process; log outcome; send one-pager.","The most active Nigerian-headquartered early-stage fund, with health tech as a named sector and a fresh US$84m Fund II (Aug 2026) that includes a pre-seed strategy.","Fund II average cheque is ~US$1.5m and they expect an Africa-domiciled operating company with traction, whereas Vytalix is a UK pre-formation entity with an unresolved Ekiti proposal.","Lead with the Nigerian government-facing MaternaLink pipeline (Ekiti) and a Nigeria opco plan, positioning Vytalix as UK-quality maternal-care coordination software localised for Nigerian state health systems.","Anchor LP in Fund II includes Nigeria's iDICE programme, giving the fund a Nigerian public-sector link. Ticket has moved up-market with Fund II; a pre-formation UK entity is below their usual entry point unless the pre-seed strategy is used.","04_africa_em_vc.csv"
"VX-006","LocalGlobe (Phoenix Court)","Venture Capital","Pre-seed / seed VC (Phoenix Court group; Latitude for later stage)","United Kingdom","London","https://www.phoenixcourt.vc/localglobe","https://www.linkedin.com/company/localglobe/","PHONE NOT PUBLICLY AVAILABLE","","","","PHONE NOT PUBLICLY AVAILABLE","","NOT PUBLICLY AVAILABLE","NOT PUBLICLY AVAILABLE","https://www.phoenixcourt.vc/localglobe","Pre-seed and seed across sectors including digital health, fintech, consumer, deep tech; UK-first","Yes - health tech is a named focus with a dedicated partner (Julia Hawkins) and a published health-tech white paper","Software, digital health, AI, marketplaces","UK-first (Phoenix Court is based in Somers Town, London)","Pre-seed, Seed (Series A via Latitude)","c.£500k-£3m initial (ESTIMATE from public profiles)","LocalGlobe VIII and later funds; group AUM not stated in results","Apian (healthcare drone logistics API), Echo (NHS repeat prescriptions, acquired), Zebra Medical Vision (AI imaging), MyHeritage","15","14","12","10","10","5","2","9","77","5","Medium","73","B","B-Tier (65–79): targeted relationship development","Julia Hawkins","Partner, Health Tech (per UKTN article on her hire)","https://www.uktech.news/news/vc-fund-localglobe-hires-new-partner-20180314","Website submission via https://www.phoenixcourt.vc/localglobe (no formal form; warm intro preferred)","Possible - via Phoenix Court portfolio founders or its Somers Town community programmes","https://www.phoenixcourt.vc/localglobe;https://www.uktech.news/news/vc-fund-localglobe-hires-new-partner-20180314;https://medium.com/localglobe-notes/white-paper-health-tech-observations-from-localglobe-9cdbe2e8df1b;https://startups.eithealth.eu/investors/localglobe/portfolio/current;https://f4.fund/firms/localglobe","2026-09-07","Researched","Email/LinkedIn introduction; request 20-minute call; verify phone.","LocalGlobe seeds UK founders at pre-seed, has a health-tech partner and NHS-facing portfolio (Echo, Apian), and its Phoenix Court community lens fits a mission-led maternal-health company.","LocalGlobe prefers strong technical founding teams with early product signal, and will be wary of a concept-stage platform whose IP sits with a separate 'Maternal Link' CEO.","Use the health-tech white paper's language: show MaternaLink as NHS-workflow-native care coordination with a named NHS trust pilot pathway, and resolve the IP question before first contact.","Address 1 Brill Place, London NW1 1EL (Phoenix Court). No public phone or general email surfaced in results. Phoenix Court also runs place-based/impact initiatives in Camden that may value a Black maternal-health mission.","01_uk_health_vc.csv"
"VX-007","Future Africa","Venture Capital","Africa-focused pre-seed/seed VC (founder-collective model)","Nigeria","Lagos","https://www.future.africa","https://ng.linkedin.com/in/eaboyeji (GP public profile)","PHONE NOT PUBLICLY AVAILABLE","","","","PHONE NOT PUBLICLY AVAILABLE","","funding@future.africa","NOT PUBLICLY AVAILABLE","https://www.future.africa/news-insights/how-future-africa-invests-our-investment-process-explained","Pre-seed and seed 'founding investor' in African mission-driven tech: fintech, agtech, logistics, education, health and others","Generalist; health-tech portfolio not confirmed in search results - TO VALIDATE","Software platforms, marketplaces","Pan-African, Nigeria-centred","Pre-seed, Seed, Seed+","US$25k-US$500k; historical average ~US$54k initial and ~US$110k follow-on (Fund II review)","Not disclosed in search; multiple funds and a founder-collective syndicate","Portfolio spans fintech, agtech, logistics, edtech; no maternal-health company confirmed in search","12","15","13","8","9","6","4","7","74","7","Medium","73","B","B-Tier (65–79): targeted relationship development","Iyinoluwa Aboyeji","Founder & General Partner","https://www.crunchbase.com/person/iyinoluwa-aboyeji","Email funding@future.africa with a proposal (recommendation from network preferred) or apply via form on future.africa","Possible - fund states proposals should come with a recommendation from someone in their network","https://www.future.africa/news-insights/how-future-africa-invests-our-investment-process-explained;https://www.future.africa/investment-approach;https://www.future.africa/news-insights/official-notice-on-future-africas-funding-processes;https://www.future.africa/post/fund-ii-in-review-february-2023","2026-09-07","Researched","Email/LinkedIn introduction; request 20-minute call; verify phone.","Writes cheques as small as US$25k at pre-seed for mission-driven African founders, which matches Vytalix's first-round size and its Nigeria expansion story.","They want an MVP with early traction and a founder based in-market, and MaternaLink's IP ownership between Vytalix and David Agunede is undocumented.","Pitch MaternaLink (in development) as a mission-driven maternal-care coordination product for Nigerian state health systems, with the Ekiti conversation as evidence of demand discovery.","Fund requires an MVP - the Vercel MaternaLink prototype may qualify only if ownership is clarified. Official notice on funding processes warns of impersonation; use only official channels. Personal emails for the GP appeared only on scraped directories and are excluded.","04_africa_em_vc.csv"
"VX-008","Seedcamp","Venture Capital","Pre-seed / seed fund (Europe's seed fund)","United Kingdom","London","https://seedcamp.com/","https://www.linkedin.com/company/seedcamp/","+442039362828","","+442039362828","","VERIFIED 2026-09-07 (source in phone_source_url)","https://seedcamp.com/complaints/","NOT PUBLICLY AVAILABLE","NOT PUBLICLY AVAILABLE","https://seedcamp.com/contact/","Pre-seed and seed across software, AI/ML, fintech, healthtech; Europe-wide","Partial - healthtech is one of several verticals (e.g. Sano Genetics, Cera - prior knowledge)","Software, AI/ML, marketplaces, digital health","Europe (UK HQ)","Pre-seed, Seed","c.£300k-£1m+ initial (ESTIMATE from public profiles)","Seedcamp Fund VI c.$180m (prior knowledge; TO VALIDATE)","Healthtech companies in portfolio (search results confirm healthtech vertical; specific names TO VALIDATE, e.g. Sano Genetics, Cera from prior knowledge)","12","15","14","9","8","4","3","9","74","7","Medium","73","B","B-Tier (65–79): targeted relationship development","Reshma Sohoni","Co-founder and Managing Partner (named on seedcamp.com complaints page)","https://seedcamp.com/complaints/","Web application via https://seedcamp.com/contact/ (email submission guidance on site; no public pitch@ address found)","Possible - via Seedcamp portfolio founders or the Seedcamp Nation community","https://seedcamp.com/complaints/;https://seedcamp.com/contact/;https://seedcamp.com/faqs/;https://seedcamp.com/our-team/;https://find-and-update.company-information.service.gov.uk/company/OC391626;https://signal.nfx.com/investor-lists/top-digital-health-pre-seed-investors","2026-09-07","Researched","Call to qualify fit and process; log outcome; send one-pager.","Seedcamp invests at true pre-seed across Europe, lists healthtech as a vertical and accepts cold applications, so it is a plausible first institutional cheque once Vytalix is incorporated.","Seedcamp backs global-market software founders with technical teams, and will question a UK-Nigeria maternal-health platform whose code ownership and founding team are not yet documented.","Present a tight founding team (technical lead named, MaternaLink IP assigned) and a software-first model - care coordination SaaS sold to NHS trusts and integrated care boards - with Africa as expansion, not the core thesis.","Phone is the number published on the official complaints page (Soho Works, 72-74 Dean Street, W1D 3SG) - a general line, not an investment-team line. Registered office 12 Little Portland Street, W1W 8BJ (Companies House).","01_uk_health_vc.csv"
"VX-009","Ingressive Capital","Venture Capital","Africa-focused pre-seed/seed VC","Nigeria","Lagos","https://ingressivecapital.com","https://ng.linkedin.com/company/ingressive-capital","PHONE NOT PUBLICLY AVAILABLE","","","","PHONE NOT PUBLICLY AVAILABLE","","NOT PUBLICLY AVAILABLE","communications@ingressive.vc","https://ingressivecapital.com/contact/","Pre-seed to seed tech-enabled companies in fintech, SaaS/cloud, internet, health tech, agritech, edtech","Yes - health tech / digital health named as a focus sector","SaaS, consumer internet, digital health","Pan-African: Nigeria, Egypt, Morocco, Kenya, Ghana","Pre-seed, Seed","US$100k-US$500k targeting ~10% ownership","Fund II US$50m","Digital health solutions cited among portfolio sectors; specific companies not confirmed in search","13","14","13","8","8","6","4","7","73","7","Medium","73","B","B-Tier (65–79): targeted relationship development","Maya Horgan Famodu","Founder & Partner","https://ingressivecapital.com/team/","Web application form https://ingressivecapital.com/application/; contact page https://ingressivecapital.com/contact/; email communications@ingressive.vc","Possible - Ingressive for Good (I4G) community and portfolio founders","https://ingressivecapital.com/contact/;https://ingressivecapital.com/application/;https://ingressivecapital.com/team/;https://ingressivecapital.com/faq/;https://techcabal.com/2020/06/24/ingressive-grows-investment-fund-10-million/","2026-09-07","Researched","Email/LinkedIn introduction; request 20-minute call; verify phone.","Lagos pre-seed fund with an open application form, US$100k-500k cheques and health tech explicitly in scope.","They target ~10% ownership in Africa-domiciled companies with a product in market, and Vytalix has no incorporated entity, revenue or validated product yet.","Frame MaternaLink as a Nigeria-first maternal care-coordination SaaS with a state-government sales motion, backed by UK clinical-governance standards.","A phone number shown on a scraped directory looked like a placeholder and is excluded. FAQ page states investment criteria.","04_africa_em_vc.csv"
"VX-010","MMC Ventures","Venture Capital","Seed / Series A research-led VC (EIS and institutional funds)","United Kingdom","London","https://mmc.vc/","https://uk.linkedin.com/company/mmc-ventures","020 7938 2220","","020 7938 2220","","VERIFIED 2026-09-07 (source in phone_source_url)","https://mmc.vc/contact-us/","invest@mmc.vc","invest@mmc.vc","https://mmc.vc/contact-us/","Enterprise AI, fintech, data-driven health, data infrastructure, cloud; Seed and Series A","Yes - 'data-driven health' is a named investment theme","AI, SaaS, data infrastructure, digital health","UK and Europe","Seed, Series A (research-led)","c.£1m-£5m initial (ESTIMATE from public profiles); EIS fund also invests at seed","200+ portfolio companies, 24 exits (per LinkedIn / profiles); AUM not stated in results","Current Health (remote patient monitoring, acquired by Best Buy), XUND (AI symptom-check / medical API, seed extension), Synthesia, Signal AI","15","10","10","10","10","5","4","8","72","8","Medium","73","B","B-Tier (65–79): targeted relationship development","Simon Menashy","Partner (name from prior knowledge - confirm on https://mmc.vc/team/)","https://mmc.vc/team/","Email invest@mmc.vc or contact form https://mmc.vc/contact-us/","Possible - via Current Health or XUND founders (digital-health portfolio)","https://mmc.vc/contact-us/;https://mmc.vc/team/;https://mmc.vc/;https://uk.linkedin.com/company/mmc-ventures;https://find-and-update.company-information.service.gov.uk/company/03946009;https://find-and-update.company-information.service.gov.uk/company/11791523","2026-09-07","Researched","Call to qualify fit and process; log outcome; send one-pager.","MMC has a named data-driven-health theme, a public invest@ inbox and an EIS fund that can write seed cheques into UK companies, making it reachable without a warm intro.","MMC's research-led seed/Series A model expects product, data and early traction, which a pre-formation group without a validated MaternaLink prototype cannot yet show.","Approach after incorporation and SEIS/EIS advance assurance with a data-strategy narrative: how MaternaLink's care-coordination v1 builds the longitudinal maternal dataset that later supports the (v3+) AI research track.","Office 24 High Holborn, London WC1V 6AZ and phone shown in official-domain (mmc.vc) search result. Research-led house; 'data-driven health' theme favours evidence and data assets Vytalix does not yet hold.","01_uk_health_vc.csv"
"VX-011","Impact X Capital Partners","Venture Capital","VC backing under-represented founders across Europe (health, digital, media)","United Kingdom","London","https://www.impactxcapital.com/","https://www.linkedin.com/company/impact-x-capital/","PHONE NOT PUBLICLY AVAILABLE","","","","PHONE NOT PUBLICLY AVAILABLE","","NOT PUBLICLY AVAILABLE","NOT PUBLICLY AVAILABLE","https://www.impactxcapital.com/","Seed and Series A investments in under-represented (especially Black and female) founders in the UK and Europe; sectors include health, digital and media","Yes - health is a named sector (e.g. Peanut, a motherhood/women's community app; prior knowledge)","Digital platforms, consumer apps, SaaS","UK and Europe","Seed, Series A","£250k-£2m (ESTIMATE)","c.£100m target Fund I (ESTIMATE; prior knowledge)","Peanut (women's/motherhood community platform; prior knowledge, TO VALIDATE)","12","12","13","10","10","8","3","7","75","4","Medium","70","B","B-Tier (65–79): targeted relationship development","Eric Collins","Co-founder and Chief Executive Officer (prior knowledge - confirm on team page)","https://www.impactxcapital.com/","Website contact/pitch form (prior knowledge; TO VALIDATE)","Possible - via Black founder networks (e.g. 10x10, Black Founders Hub) connected to Impact X","https://www.impactxcapital.com/","Unverified (prior knowledge)","Researched","Email/LinkedIn introduction; request 20-minute call; verify phone.","Impact X exists to fund under-represented founders and has backed a motherhood platform, so a Black founder tackling Black maternal-health disparities is squarely on thesis.","Impact X will still require venture-scale economics and will challenge the £300-per-woman Nigeria pricing and the missing UK clinical partner.","Frame Vytalix as a UK-first maternal-equity company with government-market optionality in Africa, backed by a costed pilot and an IP-clean structure.","Search budget exhausted before this fund could be checked; all fields from prior knowledge and must be validated. Explicit mandate for Black and under-represented founders makes this a priority target.","01_uk_health_vc.csv"
"VX-012","Bethnal Green Ventures","Venture Capital","Accelerator fund (tech-for-good pre-seed programme investing cash for equity)","United Kingdom","London","https://bethnalgreenventures.com/","https://www.linkedin.com/company/bethnal-green-ventures/","PHONE NOT PUBLICLY AVAILABLE","","","","PHONE NOT PUBLICLY AVAILABLE","","NOT PUBLICLY AVAILABLE","NOT PUBLICLY AVAILABLE","https://bethnalgreenventures.com/","Pre-seed tech-for-good ventures in health and wellbeing, sustainable planet, better society; programme plus follow-on fund","Yes - health and wellbeing is a core theme (e.g. DrDoctor, Peppy alumni; prior knowledge)","Digital platforms, SaaS, AI for good","United Kingdom","Pre-seed (programme), seed follow-on","c.£30k-£60k for equity at programme entry, follow-ons up to a few hundred thousand (ESTIMATE)","Small impact funds backed by Better Society Capital and Nesta (prior knowledge; TO VALIDATE)","DrDoctor (NHS patient engagement), Peppy (menopause/fertility/parenthood support) - prior knowledge, TO VALIDATE","14","15","9","10","9","7","4","6","74","5","Medium","70","B","B-Tier (65–79): targeted relationship development","Paul Miller","Co-founder and Managing Partner (prior knowledge - confirm on team page)","https://bethnalgreenventures.com/","Programme application form on https://bethnalgreenventures.com/ (cohort intakes; prior knowledge; TO VALIDATE)","Possible - via BGV alumni founders in maternal/parental health (Peppy)","https://bethnalgreenventures.com/","Unverified (prior knowledge)","Researched","Email/LinkedIn introduction; request 20-minute call; verify phone.","BGV is an accessible tech-for-good first investor whose health theme and Peppy/DrDoctor alumni map directly onto a maternal-health care-coordination platform.","BGV invests in dedicated founding teams inside a cohort programme, and will question whether a founder also running a property venture can commit full-time.","Apply with a full-time MaternaLink team commitment and a UK Black maternal-health equity framing, using the programme to secure an NHS pilot conversation.","Search budget exhausted before this fund could be checked; fields from prior knowledge. Cheque is small but it is one of the most accessible institutional first cheques for a mission-led health founder.","01_uk_health_vc.csv"
"VX-013","Microtraction","Venture Capital","Africa-focused pre-seed fund (open application)","Nigeria","Lagos","https://www.microtraction.com","https://ng.linkedin.com/company/microtraction","PHONE NOT PUBLICLY AVAILABLE","","","","PHONE NOT PUBLICLY AVAILABLE","","NOT PUBLICLY AVAILABLE","team@microtraction.com","https://www.microtraction.com/frequently-asked-questions","Sector-agnostic pre-seed investing in African technology companies with technical founders; ~70 investments","Sector-agnostic; some health-tech exposure reported (e.g. WellaHealth - prior knowledge, TO VALIDATE)","Software, technical founding teams","Pan-African, Nigeria-heavy","Pre-seed","US$100k for 7% (negotiable) plus up to US$350k follow-on","Fund II first close US$15m (2022); Community Fund launched 2024/25","70+ companies across enterprise, fintech, consumer; health-tech names not confirmed in search","10","15","13","8","7","5","5","6","69","7","Medium","69","B","B-Tier (65–79): targeted relationship development","Dayo Koleowo","Managing Partner","https://www.microtraction.com/team/dayo-koleowo","Web application form on microtraction.com (open year-round, reviewed weekly) or email team@microtraction.com","Possible - Microtraction Venture Scouts / Network Partners programme","https://www.microtraction.com/;https://www.microtraction.com/frequently-asked-questions;https://www.microtraction.com/team/dayo-koleowo;https://techcrunch.com/2022/08/19/microtraction-hits-15m-first-close-on-its-second-fund-for-pre-seed-investment-in-african-startups/","2026-09-07","Researched","Email/LinkedIn introduction; request 20-minute call; verify phone.","One of the few African funds with a public, no-intro-needed pre-seed application and a fixed US$100k cheque that fits a first Vytalix round.","Their thesis requires a technical co-founder on the cap table and Vytalix has not evidenced who wrote or owns the MaternaLink prototype.","Apply once the technical co-founder/IP position is documented, presenting MaternaLink as a technical product with a clear Nigeria-first go-to-market.","Explicitly requires technical founders and a product; 10-day response target on applications. Standard terms are fixed (US$100k/7%).","04_africa_em_vc.csv"
"VX-014","Crista Galli Ventures","Venture Capital","Healthtech-only early-stage VC (family-office backed)","United Kingdom","London","https://www.cristagalliventures.com/","https://www.linkedin.com/company/crista-galli-ventures/","PHONE NOT PUBLICLY AVAILABLE","","","","PHONE NOT PUBLICLY AVAILABLE","","NOT PUBLICLY AVAILABLE","NOT PUBLICLY AVAILABLE","https://www.cristagalliventures.com/","Seed and Series A healthtech across UK, Europe and Denmark: digital health, AI diagnostics, medtech","Yes - healthcare-only mandate","Digital health, AI, medtech","UK, Europe, Denmark","Seed, Series A","£250k-£3m (ESTIMATE)","Evergreen family-office capital (ESTIMATE; prior knowledge)","Healthtech portfolio TO VALIDATE (prior knowledge insufficient to name reliably)","19","13","13","9","10","5","2","6","77","2","Low","68","B","B-Tier (65–79): targeted relationship development","NOT PUBLICLY IDENTIFIED","NOT PUBLICLY IDENTIFIED","https://www.cristagalliventures.com/","Website contact form (prior knowledge; TO VALIDATE)","No known route","https://www.cristagalliventures.com/","Unverified (prior knowledge)","Researched","Email/LinkedIn introduction; request 20-minute call; verify phone.","Crista Galli invests only in healthtech at seed, with patient, evergreen capital and clinical understanding that could tolerate MaternaLink's longer validation path.","A clinically literate investor will immediately probe the absence of clinical partners, ethics approvals and a regulatory strategy behind the 2025 AI claims.","Lead with the re-based non-diagnostic v1, an explicit UK MDR/SaMD roadmap for the AI track and a named clinical advisor, showing regulatory maturity rather than hype.","Search budget exhausted before this fund could be checked; all fields from prior knowledge and must be validated. Healthcare-only mandate with clinical expertise in-house.","01_uk_health_vc.csv"
"VX-015","Cornerstone VC","Venture Capital","Pre-seed / seed VC backing diverse founding teams in the UK","United Kingdom","London","https://www.cornerstonevc.co.uk/","https://www.linkedin.com/company/cornerstone-vc/","PHONE NOT PUBLICLY AVAILABLE","","","","PHONE NOT PUBLICLY AVAILABLE","","NOT PUBLICLY AVAILABLE","NOT PUBLICLY AVAILABLE","https://www.cornerstonevc.co.uk/","Pre-seed and seed technology companies with diverse founding teams; sector-agnostic including health, fintech, SaaS","Partial - health among sectors (specific names TO VALIDATE)","Software, digital platforms, AI","United Kingdom","Pre-seed, Seed","£250k-£1m (ESTIMATE)","c.£20m Fund I (ESTIMATE; prior knowledge)","Health names TO VALIDATE","11","15","14","10","8","6","3","6","73","4","Medium","68","B","B-Tier (65–79): targeted relationship development","Rodney Appiah","Co-founder and Managing Partner (prior knowledge - confirm on team page)","https://www.cornerstonevc.co.uk/","Website pitch form (prior knowledge; TO VALIDATE)","Possible - via Black and diverse founder networks in London","https://www.cornerstonevc.co.uk/","Unverified (prior knowledge)","Researched","Email/LinkedIn introduction; request 20-minute call; verify phone.","Cornerstone writes true pre-seed cheques into diverse UK founding teams, matching both Vytalix's stage and the founder's profile.","Cornerstone will look for a full-time, complementary founding team with technical ownership, which the current founder-plus-external-'Maternal Link CEO' arrangement does not evidence.","Formalise the team (technical co-founder, clinical advisor, IP assignment) and pitch a £500k pre-seed to reach a UK maternity pilot and SEIS/EIS-qualifying milestones.","Search budget exhausted before this fund could be checked; all fields from prior knowledge and must be validated.","01_uk_health_vc.csv"
"VX-016","Ascension Ventures","Venture Capital","SEIS/EIS and impact seed fund manager (incl. Fair by Design and impact mandates)","United Kingdom","London","https://www.ascension.vc/","https://www.linkedin.com/company/ascension-ventures/","PHONE NOT PUBLICLY AVAILABLE","","","","PHONE NOT PUBLICLY AVAILABLE","","NOT PUBLICLY AVAILABLE","NOT PUBLICLY AVAILABLE","https://www.ascension.vc/","Pre-seed and seed SEIS/EIS investing with impact funds; sectors include healthtech, fintech, consumer, education","Yes - healthtech is a recurring sector across SEIS/EIS and impact funds (names TO VALIDATE)","Software, digital platforms","United Kingdom","Pre-seed, Seed","£150k-£1m (ESTIMATE)","Not stated (prior knowledge insufficient)","Healthtech names TO VALIDATE","11","15","15","10","6","5","4","5","71","5","Medium","68","B","B-Tier (65–79): targeted relationship development","Jean de Fougerolles","Founder and Managing Partner (prior knowledge - confirm on team page)","https://www.ascension.vc/","Online application form on https://www.ascension.vc/ (prior knowledge; TO VALIDATE)","Possible - via impact-investing networks (e.g. Fair by Design partners)","https://www.ascension.vc/","Unverified (prior knowledge)","Researched","Email/LinkedIn introduction; request 20-minute call; verify phone.","Ascension pairs SEIS/EIS pre-seed cheques with impact mandates, so a maternal-health platform addressing outcome disparities can qualify on both financial and impact criteria.","Ascension will still require SEIS eligibility, an impact measurement plan and a full-time team, and will challenge unvalidated clinical claims.","Submit an impact-led pre-seed application with defined maternal-equity outcome metrics, the re-based non-diagnostic v1 and SEIS advance assurance.","Search budget exhausted before this fund could be checked; all fields from prior knowledge and must be validated. Combination of SEIS/EIS money and impact mandates is well suited to a maternal-health equity thesis.","01_uk_health_vc.csv"
"VX-017","Zinc VC","Venture Capital","Accelerator fund (mission-led venture builder investing pre-seed cash for equity)","United Kingdom","London","https://www.zinc.vc/","https://www.linkedin.com/company/zinc-vc/","PHONE NOT PUBLICLY AVAILABLE","","","","PHONE NOT PUBLICLY AVAILABLE","","NOT PUBLICLY AVAILABLE","NOT PUBLICLY AVAILABLE","https://www.zinc.vc/","Venture-builder programmes around social missions (e.g. mental health, healthier later life, children and families, environment) with pre-seed investment in companies formed on the programme","Yes - health missions are central (mental health, later life, family health)","Digital platforms, AI, behavioural science","United Kingdom","Pre-seed (programme)","c.£150k-£250k pre-seed on programme (ESTIMATE; prior knowledge)","Not stated (prior knowledge insufficient)","Mission-driven health ventures TO VALIDATE","12","15","12","10","8","5","4","5","71","5","Medium","68","B","B-Tier (65–79): targeted relationship development","Ella Goldner","Co-founder and General Manager (prior knowledge - confirm on team page)","https://www.zinc.vc/","Programme application on https://www.zinc.vc/ (prior knowledge; TO VALIDATE)","Possible - via Zinc alumni founders","https://www.zinc.vc/","Unverified (prior knowledge)","Researched","Email/LinkedIn introduction; request 20-minute call; verify phone.","Zinc builds mission-led health ventures with pre-seed capital and research support, and its family- and health-focused missions overlap with maternal health.","Zinc invests in ventures founded inside its programme, so an existing company with an existing product arrangement would need to be re-founded within a mission cohort.","Consider only if a relevant mission cohort opens (e.g. women's or family health) and the founder can commit full-time to building MaternaLink within it.","Search budget exhausted before this fund could be checked; all fields from prior knowledge and must be validated. Like EF, Zinc invests in companies built inside its programme.","01_uk_health_vc.csv"
"VX-018","Voltron Capital","Venture Capital","Africa-focused pre-seed micro-fund","Nigeria","Lagos","https://voltron.africa","https://ng.linkedin.com/company/voltroncapital","PHONE NOT PUBLICLY AVAILABLE","","","","PHONE NOT PUBLICLY AVAILABLE","","NOT PUBLICLY AVAILABLE","hello@voltron.africa","https://voltron.africa/en","Pre-seed cheques into up to 30 African startups across fintech, health tech, edtech, crypto and education","Yes - health tech named; portfolio includes Akoma Health (mental health)","Software / consumer platforms","Pan-African, Nigeria-based (9b Ologun Agbaje, Victoria Island, Lagos)","Pre-seed","US$20k-US$100k per company","Not disclosed; launched 2021 by angel investor Olumide Soyombo","Akoma Health, Jada, Lingawa (per Tracxn/CB Insights); GP's angel portfolio includes Paystack, PiggyVest, Mono","12","15","12","8","7","6","3","6","69","6","Medium","68","B","B-Tier (65–79): targeted relationship development","Olumide Soyombo","Co-founder & General Partner","https://voltron.africa/team","Email hello@voltron.africa; website voltron.africa","Possible - via Bluechip Technologies / LeadPath network or Lagos angel community","https://voltron.africa/en;https://voltron.africa/team;https://techcrunch.com/2021/07/26/one-of-nigerias-high-profile-angel-investors-is-launching-a-fund-for-african-startups;https://disruptafrica.com/2021/07/27/angel-investor-olumide-soyombo-launches-pan-african-vc-firm-voltron-capital/","2026-09-07","Researched","Email/LinkedIn introduction; request 20-minute call; verify phone.","Small pre-seed cheques (US$20k-100k) from a Lagos fund that already backs a Nigerian digital-health company (Akoma Health).","Fund focuses on Africa-based founders building for Africa and may see a UK-domiciled holding company with a Nigerian proposal as not yet 'in market'.","Present the Nigerian go-to-market for MaternaLink (in development) with a Lagos-based operating presence and the Ekiti conversation as early demand evidence.","Address and email appeared in search alongside the official domain; a Lusha entry was ignored. GP's personal email seen on a directory is excluded.","04_africa_em_vc.csv"
"VX-019","Mercia Ventures (Mercia Asset Management)","Venture Capital","Regional UK VC and EIS manager (also manages British Business Bank regional funds)","United Kingdom","Henley-in-Arden / Manchester / London","https://www.mercia.co.uk/","https://www.linkedin.com/company/mercia-asset-management/","PHONE NOT PUBLICLY AVAILABLE","","","","PHONE NOT PUBLICLY AVAILABLE","","NOT PUBLICLY AVAILABLE","NOT PUBLICLY AVAILABLE","https://www.mercia.co.uk/","UK regional early-stage and growth investing across software, digital health, life sciences, deep tech, consumer; EIS funds, VCTs and regional funds","Yes - life sciences and digital health are named sectors","Software, AI, medtech, diagnostics","United Kingdom (strong Midlands and North focus)","Seed, Series A, growth","£100k-£10m across fund types (ESTIMATE)","c.£1.8bn AUM (ESTIMATE; prior knowledge)","Life sciences and health companies such as Locate Bio and MIP Discovery (prior knowledge; digital-health names TO VALIDATE)","14","12","13","10","9","4","3","7","72","4","Medium","67","B","B-Tier (65–79): targeted relationship development","Julian Viggars","Chief Investment Officer (prior knowledge - confirm on team page)","https://www.mercia.co.uk/","Website enquiry form and regional offices via https://www.mercia.co.uk/ (prior knowledge; TO VALIDATE)","Possible - via regional growth hubs and university partners in the Midlands/North","https://www.mercia.co.uk/","Unverified (prior knowledge)","Researched","Email/LinkedIn introduction; request 20-minute call; verify phone.","Mercia writes small early-stage cheques through EIS and regional funds and names digital health as a sector, making it one of the few institutional options at Vytalix's ticket size.","Regional funds require the company to be located in the fund region and to show a UK commercial pathway, so a London-registered group with a Nigeria go-to-market may not qualify.","If Vytalix locates in the Midlands or North, pitch the UK-first care-coordination platform for a regional maternity system and use EIS eligibility to unlock a Mercia EIS cheque.","Search budget exhausted before this fund could be checked; fields from prior knowledge. Mercia publishes office phone numbers on its site (TO VALIDATE and record with source URL). Regional funds can invest from c.£100k, which matches Vytalix's first round if based outside London.","01_uk_health_vc.csv"
"VX-020","Amadeus Capital Partners","Venture Capital","Deep-tech VC with 'Human' healthtech vertical (seed to growth)","United Kingdom","London / Cambridge","https://www.amadeuscapital.com/","https://www.linkedin.com/company/amadeus-capital-partners/","PHONE NOT PUBLICLY AVAILABLE","","","","PHONE NOT PUBLICLY AVAILABLE","","NOT PUBLICLY AVAILABLE","NOT PUBLICLY AVAILABLE","https://www.amadeuscapital.com/locations/","Seed to growth in three areas: Intelligence (AI, computing, quantum), Human (health, medicine, wellness), Planet (sustainability, energy, materials, space)","Yes - dedicated 'Human' healthtech/medtech/biotech vertical (diagnostics, treatment, digital health)","AI in diagnostics, digital health, medtech, deep tech","UK and Europe (offices London, Cambridge, Oxford, Lausanne, San Francisco)","Seed, Series A, growth","c.£1m-£10m (ESTIMATE; seed cheques smaller via early-stage fund)","c.$1bn+ raised historically (ESTIMATE from public profiles)","Doctify (patient-provider booking SaaS), Healx (AI drug discovery), Igenomix (reproductive genetics / women's health), Optos (retinal imaging)","16","9","8","10","11","5","2","8","69","4","Medium","65","B","B-Tier (65–79): targeted relationship development","Anne Glover","Co-founder and Chief Executive (public profile)","https://en.wikipedia.org/wiki/Anne_Glover_(businesswoman)","Office contact details on https://www.amadeuscapital.com/locations/ (registered office Suite 1, 2nd Floor, 2 Quayside, Cambridge CB5 8AB); no public pitch email found","Possible - via Doctify or Igenomix networks (women's-health / healthtech portfolio)","https://www.amadeuscapital.com/;https://www.amadeuscapital.com/human-healthtech-venture-capital/;https://www.amadeuscapital.com/locations/;https://www.amadeuscapital.com/the-team/;https://en.wikipedia.org/wiki/Anne_Glover_(businesswoman);https://adviserinfo.sec.gov/firm/summary/161838","2026-09-07","Researched","Email/LinkedIn introduction; request 20-minute call; verify phone.","Amadeus has a named healthtech vertical, a women's-health precedent (Igenomix) and a seed capability, giving Vytalix a credible deep-tech investor for the AI research track of MaternaLink.","Amadeus backs IP-rich, science-led companies with clinical evidence, and a pre-formation care-coordination platform with no validated model or clinical partner will look under-powered for its thesis.","Approach only once a data partnership and ethics pathway exist, pitching the Maternal Instability Score research programme as a UK-MDR-ready SaMD opportunity built on MaternaLink's real-world maternal dataset.","Official-domain search returned only a PR adviser's mobile (personal mobile - not recorded) and no office switchboard; an info@ address surfaced only in scraped-directory snippets so it is not recorded. London office listed by directories at 130 Jermyn Street SW1Y 4UR (TO VALIDATE).","01_uk_health_vc.csv"
"VX-021","Hoxton Ventures","Venture Capital","Seed VC with healthcare and AI focus (early backer of Babylon Health)","United Kingdom","London","https://www.hoxtonventures.com/","https://www.linkedin.com/company/hoxton-ventures/","PHONE NOT PUBLICLY AVAILABLE","","","","PHONE NOT PUBLICLY AVAILABLE","","NOT PUBLICLY AVAILABLE","NOT PUBLICLY AVAILABLE","https://www.hoxtonventures.com/","Seed investments in European start-ups targeting large US/global markets; healthcare, AI, software","Yes - healthcare is a stated focus (Babylon Health, Peptone, Raremark; prior knowledge)","AI, digital health, software","UK and Europe (US market ambition)","Seed, Series A","$500k-$3m (ESTIMATE)","Fund III c.$215m (ESTIMATE; prior knowledge)","Babylon Health (digital primary care), Peptone, Raremark (prior knowledge; TO VALIDATE)","13","13","12","9","8","4","2","8","69","4","Medium","65","B","B-Tier (65–79): targeted relationship development","Hussein Kanji","Partner (prior knowledge - confirm on team page)","https://www.hoxtonventures.com/","Website contact (prior knowledge; TO VALIDATE); warm intro strongly preferred","Possible - via Hoxton healthcare portfolio founders","https://www.hoxtonventures.com/","Unverified (prior knowledge)","Researched","Email/LinkedIn introduction; request 20-minute call; verify phone.","Hoxton is one of the few UK seed funds with a genuine healthcare thesis and global ambition, and has backed digital care delivery from seed.","Hoxton looks for founders who can dominate a large global category, and will see UK maternity services plus Nigerian state contracts as fragmented, slow markets.","Frame maternal care coordination as a global category (rising maternal mortality in the US and UK equity gaps) with a defensible data asset, and show a route to US or multi-market expansion.","Search budget exhausted before this fund could be checked; all fields from prior knowledge and must be validated.","01_uk_health_vc.csv"
"VX-022","UK Innovation & Science Seed Fund (UKI2S) / Future Planet Capital","Venture Capital","Public-backed science seed fund managed by Future Planet Capital","United Kingdom","London","https://ukinnovationscienceseedfund.co.uk/","https://www.linkedin.com/company/future-planet-capital/","PHONE NOT PUBLICLY AVAILABLE","","","","PHONE NOT PUBLICLY AVAILABLE","","NOT PUBLICLY AVAILABLE","NOT PUBLICLY AVAILABLE","https://ukinnovationscienceseedfund.co.uk/","Seed investment in science-based companies emerging from the UK public research base (UKRI institutes, Harwell, Rothamsted, health research organisations); life sciences, health, clean tech, AI","Yes - health and life sciences are core areas","Deep science, AI, medtech, diagnostics","United Kingdom","Pre-seed, Seed","£100k-£1m (ESTIMATE)","Backed by UKRI/BEIS/DSIT; Future Planet Capital group AUM c.£400m (ESTIMATE; prior knowledge)","Public-research-base health spinouts TO VALIDATE","12","12","13","10","8","4","3","6","68","4","Medium","64","B","B-Tier (65–79): targeted relationship development","Douglas Hansen-Luke","Executive Chairman, Future Planet Capital (prior knowledge - confirm on team page)","https://www.futureplanetcapital.com/","Website enquiry form (prior knowledge; TO VALIDATE); eligibility usually requires a link to a UK public research organisation","Possible - via a partnership with an NIHR-funded unit or UKRI institute","https://ukinnovationscienceseedfund.co.uk/;https://www.futureplanetcapital.com/","Unverified (prior knowledge)","Researched","Email/LinkedIn introduction; request 20-minute call; verify phone.","UKI2S writes early science-seed cheques into companies tied to the UK public research base, which MaternaLink's AI track could access through an NIHR or university research partnership.","Without a formal link to a UK public research organisation, Vytalix does not meet UKI2S's eligibility criteria regardless of mission.","Secure a research partnership (e.g. NIHR maternity research unit) and pitch the maternal risk-scoring science as a co-developed public-research-base spinout.","Search budget exhausted before this fund could be checked; all fields from prior knowledge and must be validated. Also relevant to the government/innovation fund category - cross-check for duplication.","01_uk_health_vc.csv"
"VX-023","SFC Capital","Venture Capital","SEIS/EIS seed fund and angel syndicate (UK's most active seed investor)","United Kingdom","London","https://sfccapital.com/","https://www.linkedin.com/company/sfc-capital/","PHONE NOT PUBLICLY AVAILABLE","","","","PHONE NOT PUBLICLY AVAILABLE","","NOT PUBLICLY AVAILABLE","NOT PUBLICLY AVAILABLE","https://sfccapital.com/","Sector-agnostic SEIS/EIS seed investing in UK start-ups, hundreds of companies backed; includes healthtech","Partial - healthtech among a large sector-agnostic portfolio (names TO VALIDATE)","Software, AI, consumer, deep tech","United Kingdom","Pre-seed, Seed","£100k-£300k initial via SEIS/EIS funds and angel syndicate (ESTIMATE)","400+ portfolio companies; fund sizes not stated (ESTIMATE; prior knowledge)","Healthtech names TO VALIDATE","9","15","15","10","5","3","5","5","67","5","Medium","64","B","B-Tier (65–79): targeted relationship development","Stephen Page","Founder and Chief Executive (prior knowledge - confirm on team page)","https://sfccapital.com/","Online application form on https://sfccapital.com/ (open to all UK SEIS-eligible start-ups; prior knowledge; TO VALIDATE)","Possible - via SFC angel syndicate members","https://sfccapital.com/","Unverified (prior knowledge)","Researched","Email/LinkedIn introduction; request 20-minute call; verify phone.","SFC is the highest-volume SEIS investor in the UK with an open application route, so it is the most accessible institutional first cheque once Vytalix has SEIS advance assurance.","SFC will require a UK-incorporated, SEIS-eligible company with a full-time team, and may find the Nigeria government-sales model at odds with SEIS trading-activity rules.","Incorporate, secure SEIS advance assurance and apply with a UK-centred plan (advisory revenue plus MaternaLink UK pilot), requesting £150k-£250k as part of a wider angel round.","Search budget exhausted before this fund could be checked; fields from prior knowledge. Requires SEIS/EIS advance assurance and UK incorporation - both priority actions in FACTS_BASE.","01_uk_health_vc.csv"
"VX-024","Downing Ventures","Venture Capital","EIS / VCT venture arm of Downing LLP (healthtech, enterprise software, deep tech)","United Kingdom","London","https://www.downing.co.uk/ventures","https://www.linkedin.com/company/downing-llp/","PHONE NOT PUBLICLY AVAILABLE","","","","PHONE NOT PUBLICLY AVAILABLE","","NOT PUBLICLY AVAILABLE","NOT PUBLICLY AVAILABLE","https://www.downing.co.uk/ventures","Seed to Series A in healthtech, enterprise software and deep tech via EIS funds and VCTs","Yes - healthtech is a named vertical (e.g. surgical VR training, genomics; prior knowledge)","Digital health, AI, SaaS, deep tech","United Kingdom","Seed, Series A","£500k-£5m (ESTIMATE)","Downing group AUM c.£2bn; ventures allocation not stated (ESTIMATE; prior knowledge)","FundamentalVR (surgical simulation) and other healthtech companies (prior knowledge; TO VALIDATE)","14","12","12","10","8","4","3","6","69","3","Low","63","B","B-Tier (65–79): targeted relationship development","NOT PUBLICLY IDENTIFIED","NOT PUBLICLY IDENTIFIED","https://www.downing.co.uk/ventures","Website pitch form on https://www.downing.co.uk/ventures (prior knowledge; TO VALIDATE)","Possible - via Downing healthtech portfolio founders","https://www.downing.co.uk/ventures","Unverified (prior knowledge)","Researched","Email/LinkedIn introduction; request 20-minute call; verify phone.","Downing Ventures has a dedicated healthtech vertical and EIS money that can back UK seed rounds, making it a natural target once Vytalix has EIS advance assurance.","Downing will want evidence of clinical or NHS engagement and a clear software product, and will see the undocumented MaternaLink ownership as an uninvestable structure.","Present a cleaned-up cap table with MaternaLink IP assigned, an NHS-facing v1 roadmap and an EIS-qualifying £500k-£1m round with a named lead angel.","Search budget exhausted before this fund could be checked; all fields from prior knowledge and must be validated. Downing LLP publishes a switchboard number on its site (TO VALIDATE and record with source URL).","01_uk_health_vc.csv"
"VX-025","Playfair Capital","Venture Capital","Pre-seed VC (sector-agnostic; runs Female Founder Office Hours)","United Kingdom","London","https://playfair.vc/","https://www.linkedin.com/company/playfair-capital/","PHONE NOT PUBLICLY AVAILABLE","","","","PHONE NOT PUBLICLY AVAILABLE","","NOT PUBLICLY AVAILABLE","NOT PUBLICLY AVAILABLE","https://playfair.vc/","Pre-seed investments in UK and European technology companies; sector-agnostic including healthtech, AI, SaaS","Partial - healthtech among sectors (names TO VALIDATE)","Software, AI, digital platforms","UK and Europe","Pre-seed, Seed","£300k-£1m (ESTIMATE)","Fund III c.£70m (ESTIMATE; prior knowledge)","Healthtech names TO VALIDATE","8","15","15","10","5","2","4","6","65","5","Medium","63","B","B-Tier (65–79): targeted relationship development","Chris Smith","Managing Partner (prior knowledge - confirm on team page)","https://playfair.vc/","Online pitch form on https://playfair.vc/ (explicitly welcomes cold pitches; prior knowledge; TO VALIDATE)","Possible - via Playfair office-hours programmes","https://playfair.vc/","Unverified (prior knowledge)","Researched","Email/LinkedIn introduction; request 20-minute call; verify phone.","Playfair writes genuine pre-seed cheques, welcomes cold pitches and runs inclusion-focused office hours, making it one of the most accessible institutional pre-seed options for Vytalix.","Playfair will want a full-time founding team with technical capability and evidence of customer discovery, not a concept deck and a third-party prototype.","Apply with a crisp pre-seed plan: team, MaternaLink IP assigned, 20 customer-discovery interviews with midwives/ICBs, and a 12-month path to a paid pilot.","Search budget exhausted before this fund could be checked; all fields from prior knowledge and must be validated. Known for transparent, cold-pitch-friendly process.","01_uk_health_vc.csv"
"VX-026","MSD Impact Venture Fund (Merck & Co. / MSD)","Strategic / Corporate VC","Pharma corporate impact venture fund (Africa health)","United States","Rahway, NJ (fund managed by AfricInvest, Tunis/Nairobi)","https://www.msd.com/company-overview/sustainability/impact-venture-fund/","https://www.linkedin.com/company/msd","PHONE NOT PUBLICLY AVAILABLE","","","","PHONE NOT PUBLICLY AVAILABLE","","NOT PUBLICLY AVAILABLE","NOT PUBLICLY AVAILABLE","","Impact investments in transformative health innovations serving vulnerable communities in Africa; flexible funding plus supply-chain expertise","Access to health, primary care delivery, health supply chain, maternal health (via MSD for Mothers ecosystem)","Digital health, health-financing platforms, health logistics","Africa (sub-Saharan)","Early to growth stage African health companies (managed by AfricInvest; stage criteria TO VALIDATE)","NOT PUBLICLY STATED (ESTIMATE USD 0.5m–5m based on USD 55m portfolio commitments)","USD 55m current impact-investing commitments (msd.com)","Africa health start-ups (names TO VALIDATE on msd.com); MSD for Mothers separately grant-funds mDoc's Digital Mom Project in Lagos/Ekiti and MomCare (Kenya/Tanzania)","16","5","6","8","13","10","2","8","68","3","Low","62","B","B-Tier (65–79): targeted relationship development","NOT PUBLICLY IDENTIFIED","Fund led by MSD Office of Social Impact & Sustainability with an Impact Investing Committee; day-to-day management by AfricInvest","https://www.msd.com/company-overview/sustainability/impact-venture-fund/","Via AfricInvest (fund manager) or MSD Office of Social Impact & Sustainability; no public pitch form found","Possible – via Health Finance Coalition or AfricInvest health team; also via MSD for Mothers Nigeria portfolio contacts","https://www.msd.com/company-overview/sustainability/impact-venture-fund/;https://www.msdformothers.com/docs/MSD_MfM_Brief_Nigeria_Portfolio_Overview.pdf;https://reports.msdformothers.com/innovativefinancing/","2026-09-07","Researched","Email/LinkedIn introduction; request 20-minute call; verify phone.","It is the only pharma-backed equity fund explicitly mandated to back African health ventures, and its parent already funds maternal-health digital programmes in Nigeria including Ekiti.","The fund backs operating African companies with traction, and Vytalix is UK-domiciled, pre-formation and would be competing with an MSD for Mothers grantee (mDoc) in Ekiti.","Present MaternaLink (in development) as complementary care-coordination infrastructure for state maternal programmes and propose a Nigeria-registered operating entity as the investable vehicle once a pilot is live.","MSD for Mothers itself is a grant/philanthropic initiative (leave grant route to impact agent); the equity vehicle is the MSD Impact Venture Fund, managed by AfricInvest with Health Finance Coalition support. Nigeria-relevant: MSD for Mothers funds mDoc's Ekiti programme, i.e. the incumbent in Vytalix's target state — handle competitively-sensitive framing carefully.","04_africa_em_vc.csv"
"VX-027","Parkwalk Advisors","Venture Capital","EIS fund manager for UK university spinouts (DeepTech, HealthTech, CleanTech)","United Kingdom","London","https://parkwalk.vc/","https://www.linkedin.com/company/park-walk-advisors/","PHONE NOT PUBLICLY AVAILABLE","","","","PHONE NOT PUBLICLY AVAILABLE","","NOT PUBLICLY AVAILABLE","NOT PUBLICLY AVAILABLE","https://parkwalk.vc/contact/","Early-stage UK university spinouts in DeepTech, HealthTech and CleanTech via EIS funds and university-branded funds (Oxford, Cambridge, Bristol, Northern Universities Venture Fund with Northern Gritstone)","Yes - HealthTech is one of three core strategy areas; digital health and life sciences in portfolio","Deep tech, AI, digital health, medtech, quantum","United Kingdom","Seed, Series A (spinouts), follow-on to growth","c.£500k-£5m (ESTIMATE)","£500m+ AUM; 200+ companies backed; UK's largest EIS growth fund manager","Albus Health (contactless home respiratory monitoring), university spinouts across digital health and life sciences","13","8","10","10","8","3","3","7","62","6","Medium","62","C","C-Tier (50–64): maintain and monitor","Moray Wright","Chief Executive Officer (public role per parkwalk.vc)","https://parkwalk.vc/about-us/","Contact page https://parkwalk.vc/contact/ ('Speak with our investment team'); office 3 Pancras Square, King's Cross, London N1C 4AG","Possible - via a university technology-transfer office if MaternaLink research is co-developed with a UK university","https://parkwalk.vc/contact/;https://parkwalk.vc/investment-strategy/;https://parkwalk.vc/about-us/;https://parkwalkadvisors.com/2022/07/parkwalk-have-moved-offices/;https://parkwalkadvisors.com/2025/06/northern-universities-venture-fund-launch/;https://find-and-update.company-information.service.gov.uk/company/06925696","2026-09-07","Researched","Monitor; add to quarterly update list; approach after first pilot/revenue.","Parkwalk is the most active UK investor in university spinouts with HealthTech as a core pillar, so it becomes relevant if the MaternaLink AI research track is structured with a university partner.","Vytalix is not a university spinout and has no IP-protected science, which puts it outside Parkwalk's mandate regardless of the maternal-health mission.","Only approach after establishing a formal research collaboration (e.g. with a UK maternity research unit) that gives Parkwalk a spinout-style IP story around the multimodal risk-scoring programme.","UNVERIFIED: a switchboard number (020 7759 2285) and an enquiries@ address appeared in a mixed-source search snippet alongside scraped directories; not attributable to the official site from results, so not recorded - confirm on https://parkwalk.vc/contact/ before use. Parkwalk invests almost exclusively in university spinouts, which Vytalix is not.","01_uk_health_vc.csv"
"VX-028","IQ Capital","Venture Capital","Deep-tech seed / Series A VC (Cambridge and London)","United Kingdom","Cambridge / London","https://www.iqcapital.vc/","https://uk.linkedin.com/company/iq-capital-partners","PHONE NOT PUBLICLY AVAILABLE","","","","PHONE NOT PUBLICLY AVAILABLE","","NOT PUBLICLY AVAILABLE","hello@iqcapital.vc","https://www.iqcapital.vc/contact","Deep-tech B2B at Seed and Series A: AI and automation, computing and semiconductors, health and tech-bio, advanced engineering, energy, security","Partial - 'health and tech-bio' is a named sector (IP-rich, science-led companies)","AI, deep tech, tech-bio, data analytics","United Kingdom","Seed, Series A (follow-on via Growth Opportunities Fund)","c.£500k-£5m initial (ESTIMATE)","Fund IV $200m final close; c.$1bn AUM in deep tech; 100+ companies backed","Neurovalens (neurostimulation medtech), Mytos (cell-therapy manufacturing automation)","11","10","9","10","7","3","3","7","60","7","Medium","62","C","C-Tier (50–64): maintain and monitor","Kerry Baldwin","Co-founder and Managing Partner (public profile; femwealth article)","https://femwealth.substack.com/p/kerry-baldwins-iq-capital-launches","Email hello@iqcapital.vc (shown in search snippet for the official contact page - confirm) or contact form https://www.iqcapital.vc/contact","Possible - via Cambridge deep-tech ecosystem (Cambridge Angels, university innovation offices)","https://www.iqcapital.vc/contact;https://www.iqcapital.vc/;https://www.iqcapital.vc/news/iq-capital-raises-400m-to-invest-in-transformative-deep-tech-companies;https://uk.linkedin.com/company/iq-capital-partners;https://femwealth.substack.com/p/kerry-baldwins-iq-capital-launches","2026-09-07","Researched","Monitor; add to quarterly update list; approach after first pilot/revenue.","IQ Capital has a public hello@ inbox, a health and tech-bio sector and UK-only seed focus, but only the AI research strand of MaternaLink would meet its IP-rich deep-tech bar.","IQ Capital will judge a care-coordination platform and advisory business as lacking proprietary deep technology and will pass until a validated algorithm exists.","Position a future round around the multimodal Maternal Instability Score as a defensible algorithm with a data moat, supported by clinical collaborators, rather than pitching the current v1 platform.","Offices: 85 Regent Street, Cambridge CB2 1AW and 45 Whitfield Street, London W1T 4HD. A Cambridge phone number appeared in the search snippet in a malformed/uncertain form and could not be attributed to the official page, so it is not recorded. IQ Capital requires defensible technical IP; not a natural fit for a services-plus-platform group.","01_uk_health_vc.csv"
"VX-029","Deepbridge Capital","Venture Capital","EIS/SEIS manager with dedicated Life Sciences fund (medtech, digital health)","United Kingdom","Chester","https://www.deepbridgecapital.com/","https://www.linkedin.com/company/deepbridge-capital/","PHONE NOT PUBLICLY AVAILABLE","","","","PHONE NOT PUBLICLY AVAILABLE","","NOT PUBLICLY AVAILABLE","NOT PUBLICLY AVAILABLE","https://www.deepbridgecapital.com/","EIS Technology Growth and Life Sciences SEIS/EIS funds: medtech, digital health, diagnostics, software","Yes - dedicated Life Sciences fund covering medtech and digital health","Medtech, digital health, software","United Kingdom","Seed, Series A (EIS)","£250k-£3m (ESTIMATE)","Not stated (prior knowledge insufficient)","Life-sciences and digital-health EIS investments TO VALIDATE","14","13","13","9","6","4","3","5","67","3","Low","61","B","B-Tier (65–79): targeted relationship development","Ian Warwick","Managing Partner (prior knowledge - confirm on team page)","https://www.deepbridgecapital.com/","Website enquiry form (prior knowledge; TO VALIDATE)","No known route","https://www.deepbridgecapital.com/","Unverified (prior knowledge)","Researched","Email/LinkedIn introduction; request 20-minute call; verify phone.","Deepbridge runs a dedicated Life Sciences EIS fund that backs early UK medtech and digital-health companies, aligning with an EIS-qualifying MaternaLink round.","Deepbridge's life-sciences team will expect a regulatory classification and clinical evidence plan, which the current prototype does not have.","Present the v1 non-medical-device positioning with a documented MHRA classification rationale and a staged SaMD pathway for the later AI track.","Search budget exhausted before this fund could be checked; all fields from prior knowledge and must be validated.","01_uk_health_vc.csv"
"VX-030","Eka Ventures","Venture Capital","Consumer-health and sustainable-consumption seed / Series A VC","United Kingdom","London","https://www.ekavc.com/","https://www.linkedin.com/company/eka-ventures/","PHONE NOT PUBLICLY AVAILABLE","","","","PHONE NOT PUBLICLY AVAILABLE","","NOT PUBLICLY AVAILABLE","NOT PUBLICLY AVAILABLE","https://www.ekavc.com/","Seed and Series A in consumer health, sustainable consumption and inclusive economy in the UK and Europe","Yes - consumer health (digital health, wellbeing, care) is a core theme","Digital health, consumer platforms","UK and Europe","Seed, Series A","£1m-£5m (ESTIMATE)","Fund I c.£68m (ESTIMATE; prior knowledge)","Consumer-health portfolio TO VALIDATE","14","12","10","10","8","5","2","6","67","3","Low","61","B","B-Tier (65–79): targeted relationship development","Camilla Dolan","Co-founder and Partner (prior knowledge - confirm on team page)","https://www.ekavc.com/","Website contact form (prior knowledge; TO VALIDATE)","No known route","https://www.ekavc.com/","Unverified (prior knowledge)","Researched","Email/LinkedIn introduction; request 20-minute call; verify phone.","Eka's consumer-health and inclusive-economy themes match a mother-facing maternal-health platform designed around under-served communities.","Eka's minimum cheque is above Vytalix's first round and it will want consumer engagement data that a pre-launch platform lacks.","Return at seed with mother-facing usage metrics from a UK pilot and a clear consumer-plus-B2B model that meets Eka's impact criteria.","Search budget exhausted before this fund could be checked; all fields from prior knowledge and must be validated.","01_uk_health_vc.csv"
"VX-031","Entrepreneur First","Venture Capital","Accelerator fund (talent investor: pre-team, pre-idea programme investing cash for equity)","United Kingdom","London","https://www.joinef.com/","https://www.linkedin.com/company/entrepreneur-first/","PHONE NOT PUBLICLY AVAILABLE","","","","PHONE NOT PUBLICLY AVAILABLE","","NOT PUBLICLY AVAILABLE","NOT PUBLICLY AVAILABLE","https://www.joinef.com/","Invests in individuals before they have a team or company; cohort programme in London and other hubs with pre-seed investment on company formation; strong deep tech and AI bias","Partial - healthtech and bio companies emerge from cohorts (names TO VALIDATE)","AI, deep tech, software","UK (London), plus Paris, Bangalore, New York, San Francisco","Pre-seed (programme)","c.£250k pre-seed on formation for c.8-10% equity (ESTIMATE; prior knowledge)","Not stated (prior knowledge insufficient)","Health names TO VALIDATE","8","15","12","9","6","2","4","7","63","5","Medium","61","C","C-Tier (50–64): maintain and monitor","Alice Bentinck","Co-founder and Chief Executive Officer (prior knowledge - confirm on team page)","https://www.joinef.com/","Programme application on https://www.joinef.com/ (individual applicants; prior knowledge; TO VALIDATE)","Possible - via EF alumni founders","https://www.joinef.com/","Unverified (prior knowledge)","Researched","Monitor; add to quarterly update list; approach after first pilot/revenue.","EF could help the founder find a technical co-founder and provides a pre-seed cheque on formation, which addresses Vytalix's team gap directly.","EF's model requires joining a cohort as an individual and building a new company from scratch, incompatible with keeping Vytalix's existing structure and MaternaLink arrangement.","Only consider if the founder is willing to re-found MaternaLink inside EF with a technical co-founder; otherwise use EF alumni as a talent pool.","Search budget exhausted before this fund could be checked; all fields from prior knowledge and must be validated. EF invests in individuals to form new companies, so it is a poor fit for an existing group with an existing product.","01_uk_health_vc.csv"
"VX-032","Johnson & Johnson Innovation – JJDC","Strategic / Corporate VC","Pharma/medtech/consumer-health CVC","United States","New Brunswick, NJ (J&J Innovation centre in London)","https://jnjinnovation.com/","https://www.linkedin.com/company/johnson-&-johnson-innovation","PHONE NOT PUBLICLY AVAILABLE","","","","PHONE NOT PUBLICLY AVAILABLE","","NOT PUBLICLY AVAILABLE","NOT PUBLICLY AVAILABLE","","Strategic venture investments across pharmaceuticals, medtech and health technology; works alongside J&J Innovation centres and JLABS incubators","Pharma, medtech, digital health, health tech","Devices, digital health, data","Global; London innovation centre covers UK/EMEA","Seed to late stage (JJDC invests across stages; seed typically via JLABS relationships)","USD 1m–30m (ESTIMATE)","Evergreen corporate balance-sheet vehicle (NOT PUBLICLY STATED)","Broad; digital-health investments listed on jnjinnovation.com (TO VALIDATE)","15","8","6","8","10","5","3","9","64","4","Medium","60","C","C-Tier (50–64): maintain and monitor","NOT PUBLICLY IDENTIFIED","Global Head of JJDC / London innovation centre lead (TO VALIDATE)","https://jnjinnovation.com/","'Partner with us' / submit opportunity form on https://jnjinnovation.com/ (TO VALIDATE) ; London innovation centre","Possible – via JLABS/J&J Innovation London programmes and Innovate UK partnerships","https://jnjinnovation.com/","Unverified (prior knowledge)","Researched","Monitor; add to quarterly update list; approach after first pilot/revenue.","J&J Innovation runs a London centre with a public submission route and JJDC invests across stages, so it is one of the few pharma CVCs a UK pre-seed company can actually approach.","JJDC expects a differentiated technology or clinical asset aligned to a J&J business, and non-diagnostic maternal care coordination has no obvious J&J owner.","Submit through J&J Innovation London highlighting the UK maternal-health equity problem and the MaternaLink R&D track, aiming for JLABS or a partnering conversation.","Not verified today. JJDC is one of the oldest CVCs and J&J Innovation has a London presence with a formal opportunity-submission route, making it more accessible than most pharma CVCs. J&J's women's-health footprint is smaller since the Kenvue spin-off.","04_africa_em_vc.csv"
"VX-033","Oxford Science Enterprises","Venture Capital","University-affiliated science VC (University of Oxford spinouts)","United Kingdom","Oxford","https://www.oxfordscienceenterprises.com/","https://www.linkedin.com/company/oxford-science-enterprises/","PHONE NOT PUBLICLY AVAILABLE","","","","PHONE NOT PUBLICLY AVAILABLE","","NOT PUBLICLY AVAILABLE","NOT PUBLICLY AVAILABLE","https://www.oxfordscienceenterprises.com/","Oxford University spinouts across life sciences, health tech, deep tech and software/AI; pre-seed to growth","Yes - life sciences and health tech are core clusters (diagnostics, AI imaging, clinical workflow)","AI, medtech, diagnostics, software","Oxford / UK","Pre-seed, Seed, Series A, growth (Oxford spinouts only)","£250k-£10m+ (ESTIMATE)","c.£850m raised since 2015 (ESTIMATE; prior knowledge)","Ultromics (AI echocardiography), Perspectum (liver imaging), Navenio (NHS workflow location AI), OrganOx, Oxford Nanopore (prior knowledge; TO VALIDATE)","15","8","9","10","9","3","2","8","64","4","Medium","60","C","C-Tier (50–64): maintain and monitor","Ed Bussey","Chief Executive Officer (prior knowledge - confirm on team page)","https://www.oxfordscienceenterprises.com/","Website contact form (prior knowledge; TO VALIDATE); route is via Oxford University Innovation for spinouts","Possible - only via an Oxford University research collaboration","https://www.oxfordscienceenterprises.com/","Unverified (prior knowledge)","Researched","Monitor; add to quarterly update list; approach after first pilot/revenue.","OSE has NHS-facing AI and workflow companies (Ultromics, Navenio) and Oxford maternal-health research (e.g. NPEU) sits nearby, so a research tie-up could make MaternaLink investable for it.","Vytalix is not an Oxford spinout, which is a hard eligibility bar irrespective of the quality of the maternal-health thesis.","Treat OSE as a partner-of-partner: secure an Oxford clinical research collaboration first, then present the MaternaLink AI track as a joint spinout-style vehicle.","Search budget exhausted before this fund could be checked; all fields from prior knowledge and must be validated. Invests only in University of Oxford spinouts and affiliated companies.","01_uk_health_vc.csv"
"VX-034","Roche Venture Fund","Strategic / Corporate VC","Pharma/diagnostics CVC","Switzerland","Basel (also South San Francisco)","https://www.roche.com/venturefund","https://www.linkedin.com/company/roche","PHONE NOT PUBLICLY AVAILABLE","","","","PHONE NOT PUBLICLY AVAILABLE","","NOT PUBLICLY AVAILABLE","NOT PUBLICLY AVAILABLE","","Equity investments in life-science companies in pharmaceuticals, diagnostics and digital health","Therapeutics, diagnostics, digital health","Diagnostics, digital health, data","Global (Europe and US)","Seed to Series B (prior knowledge; TO VALIDATE)","CHF/USD 1m–10m per round (ESTIMATE)","Circa CHF 500m evergreen (prior knowledge; TO VALIDATE)","Portfolio listed at https://www.roche.com/venturefund/venturefund-portfolio (digital-health names TO VALIDATE)","15","7","6","7","11","7","3","8","64","4","Medium","60","C","C-Tier (50–64): maintain and monitor","Anja Harmeier","Head of Roche Venture Fund","https://www.roche.com/venturefund/venturefund-team","Postal: F. Hoffmann-La Roche AG, Roche Venture Fund, Grenzacherstrasse 124, CH-4070 Basel (roche.com team page); LinkedIn to Anja Harmeier / Simon Greenwood","Possible – via Roche Diagnostics UK (Burgess Hill) relationships","https://www.roche.com/venturefund;https://www.roche.com/venturefund/venturefund-team;https://www.roche.com/venturefund/venturefund-portfolio;https://www.openvc.app/fund/Roche%20Venture%20Fund","2026-09-07","Researched","Monitor; add to quarterly update list; approach after first pilot/revenue.","Roche Venture Fund explicitly lists digital health alongside diagnostics, and Roche Diagnostics' pre-eclampsia biomarker tests (sFlt-1/PlGF) make maternal risk a genuine strategic interest.","Roche will want a diagnostic or data-generating asset with clinical validation, whereas MaternaLink v1 is a non-diagnostic coordination platform with no data.","Frame MaternaLink's v3 R&D track as a future channel for maternal biomarker-guided care pathways and seek an early relationship, not a pre-seed cheque.","Team (Anja Harmeier, Simon Greenwood, Monique Schiersing, Gabriella Zoech) and Basel address confirmed via roche.com search snippet. A contact email roche.venturefund@roche.com was shown only on a third-party listing (openvc.app) – TO VALIDATE on the official page before use; not recorded as verified. Roche invests in diagnostics/digital health but MaternaLink v1 is non-diagnostic.","04_africa_em_vc.csv"
"VX-035","Par Equity","Venture Capital","Edinburgh-based VC and EIS manager with Par Investor Network (angel co-investment)","United Kingdom","Edinburgh","https://www.parequity.com/","https://www.linkedin.com/company/par-equity/","PHONE NOT PUBLICLY AVAILABLE","","","","PHONE NOT PUBLICLY AVAILABLE","","NOT PUBLICLY AVAILABLE","NOT PUBLICLY AVAILABLE","https://www.parequity.com/","Early-stage technology in the North of the UK (Scotland, Northern England, Northern Ireland) including healthtech, industrial tech, software","Partial - healthtech is a named sector; early backer of Current Health (remote monitoring, acquired by Best Buy) per prior knowledge","Software, medtech, AI","Scotland and North of UK","Seed, Series A","£500k-£5m (ESTIMATE)","c.£150m+ raised across funds (ESTIMATE; prior knowledge)","Current Health (remote patient monitoring; prior knowledge, TO VALIDATE), other healthtech names TO VALIDATE","12","12","12","8","7","3","3","6","63","4","Medium","60","C","C-Tier (50–64): maintain and monitor","Paul Munn","Managing Partner (prior knowledge - confirm on team page)","https://www.parequity.com/","Website contact form (prior knowledge; TO VALIDATE)","Possible - via Par Investor Network angels or Scottish healthtech ecosystem","https://www.parequity.com/","Unverified (prior knowledge)","Researched","Monitor; add to quarterly update list; approach after first pilot/revenue.","Par Equity has a proven digital-health exit (Current Health) and combines fund money with an angel network, which suits a first institutional round of £500k-£1m.","Par invests in companies based in Scotland and the North, so a London-based Vytalix would need a northern base or Scottish clinical partner to qualify.","If a Scottish or northern NHS maternity partner is secured, pitch MaternaLink as a remote-monitoring-adjacent care-coordination platform in the Current Health lineage.","Search budget exhausted before this fund could be checked; all fields from prior knowledge. Geographic mandate is the North of the UK.","01_uk_health_vc.csv"
"VX-036","LoftyInc Capital Management","Venture Capital","Africa-focused early-stage VC (late seed / Series A in Fund III)","Nigeria","Lagos","https://loftyinc.vc","","PHONE NOT PUBLICLY AVAILABLE","","","","PHONE NOT PUBLICLY AVAILABLE","","NOT PUBLICLY AVAILABLE","NOT PUBLICLY AVAILABLE","","Tech-enabled 'everyday economy' startups in Africa: logistics, health tech, retail, climate, deep tech/AI","Yes - health tech is a named focus sector for Fund III","Tech-enabled services, AI","Nigeria, Egypt, Kenya, francophone Africa","Late seed and Series A (Fund III); earlier funds pre-seed/seed","Initial US$50k-US$250k with follow-on up to US$1m (per Techpoint/Weetracker 2025)","Fund III (LoftyInc Alpha) US$43m first close (2025)","Health tech listed among focus sectors; specific companies not confirmed in search","13","9","11","8","8","6","2","7","64","3","Low","59","C","C-Tier (50–64): maintain and monitor","Idris Ayodeji Bello","Founding Partner & Portfolio Manager","https://www.crunchbase.com/organization/loftyinc-capital-management","Website loftyinc.vc (no public pitch email found); LinkedIn to founding partner","Possible - via Afropreneur network / Nigerian portfolio founders","https://loftyinc.vc/;https://techpoint.africa/news/loftyinc-43-third-fund/;https://weetracker.com/2025/03/05/loftyinc-capital-secures-third-fund/;https://techcrunch.com/2021/08/31/loftyinc-capital-launches-third-fund-at-10m-for-a-more-diverse-portfolio-of-african-startups/","2026-09-07","Researched","Monitor; add to quarterly update list; approach after first pilot/revenue.","Nigeria-rooted fund that names health tech as a core sector and still writes initial cheques from US$50k.","Fund III targets late-seed and Series A companies with revenue, which Vytalix will not have for some time.","Position for a later seed round after a paid Nigerian pilot, and ask now for ecosystem introductions rather than capital.","A phone and address for LoftyInc appeared only on scraped directories (and looked like placeholders) and are excluded. Fund III has moved to late-seed/Series A, so pre-seed fit is weaker than earlier funds.","04_africa_em_vc.csv"
"VX-037","Triple Point Ventures","Venture Capital","EIS/VCT venture arm of Triple Point (B2B software incl. healthtech)","United Kingdom","London","https://www.triplepoint.co.uk/ventures","https://www.linkedin.com/company/triple-point/","PHONE NOT PUBLICLY AVAILABLE","","","","PHONE NOT PUBLICLY AVAILABLE","","NOT PUBLICLY AVAILABLE","NOT PUBLICLY AVAILABLE","https://www.triplepoint.co.uk/ventures","Seed-stage B2B software via EIS funds and VCT; sectors include healthtech, fintech, enterprise software","Partial - healthtech among sectors (names TO VALIDATE)","B2B SaaS, AI","United Kingdom","Seed","£250k-£2m (ESTIMATE)","Triple Point group AUM c.£3bn incl. infrastructure; ventures allocation not stated (ESTIMATE; prior knowledge)","Healthtech names TO VALIDATE","10","14","14","10","5","3","3","5","64","3","Low","59","C","C-Tier (50–64): maintain and monitor","NOT PUBLICLY IDENTIFIED","NOT PUBLICLY IDENTIFIED","https://www.triplepoint.co.uk/ventures","Online pitch form (prior knowledge; TO VALIDATE)","No known route","https://www.triplepoint.co.uk/ventures","Unverified (prior knowledge)","Researched","Monitor; add to quarterly update list; approach after first pilot/revenue.","Triple Point Ventures writes EIS-qualifying seed cheques into UK B2B software including healthtech, fitting an NHS-facing MaternaLink SaaS round.","Triple Point will require a B2B customer pipeline and will discount a model that depends on Nigerian state contracts.","Pitch the UK B2B SaaS case with pilot LOIs and EIS eligibility, keeping the Africa story as optionality.","Search budget exhausted before this fund could be checked; all fields from prior knowledge and must be validated.","01_uk_health_vc.csv"
"VX-038","Fuel Ventures","Venture Capital","SEIS/EIS pre-seed and seed fund (marketplaces, platforms, SaaS)","United Kingdom","London","https://fuel.ventures/","https://www.linkedin.com/company/fuel-ventures/","PHONE NOT PUBLICLY AVAILABLE","","","","PHONE NOT PUBLICLY AVAILABLE","","NOT PUBLICLY AVAILABLE","NOT PUBLICLY AVAILABLE","https://fuel.ventures/","Pre-seed to Series A in UK marketplaces, platforms and software via SEIS/EIS and scale-up funds","Low - sector-agnostic software; limited health exposure","SaaS, marketplaces, digital platforms","United Kingdom","Pre-seed, Seed, Series A","£150k-£1m initial (ESTIMATE)","c.£150m+ across funds (ESTIMATE; prior knowledge)","Mostly non-health software (e.g. Paddle, Moteefe - prior knowledge); health names TO VALIDATE","7","15","15","10","4","2","4","5","62","4","Medium","59","C","C-Tier (50–64): maintain and monitor","Mark Pearson","Founder and Managing Partner (prior knowledge - confirm on team page)","https://fuel.ventures/","Online pitch application on https://fuel.ventures/ (prior knowledge; TO VALIDATE)","No known route","https://fuel.ventures/","Unverified (prior knowledge)","Researched","Monitor; add to quarterly update list; approach after first pilot/revenue.","Fuel's open-application SEIS/EIS model writes £150k-plus first cheques into UK platforms, which fits Vytalix's ticket even if health is not its speciality.","Fuel prefers marketplace and SaaS models with fast commercial traction, and will find a maternal-health platform's NHS and government sales cycles too slow.","Pitch the SaaS mechanics - per-trust subscription, care-coordination workflow, quick pilot conversion - and the SEIS/EIS tax position, keeping clinical AI claims out of the deck.","Search budget exhausted before this fund could be checked; all fields from prior knowledge. High-volume SEIS/EIS investor with open applications.","01_uk_health_vc.csv"
"VX-039","Jenson Funding Partners","Venture Capital","SEIS/EIS seed fund manager (sector-agnostic)","United Kingdom","London","https://www.jensonfundingpartners.com/","https://www.linkedin.com/company/jenson-funding-partners/","PHONE NOT PUBLICLY AVAILABLE","","","","PHONE NOT PUBLICLY AVAILABLE","","NOT PUBLICLY AVAILABLE","NOT PUBLICLY AVAILABLE","https://www.jensonfundingpartners.com/","SEIS and EIS seed investing in UK early-stage companies across sectors including healthtech, software, consumer","Partial - healthtech among sectors (names TO VALIDATE)","Software, digital platforms","United Kingdom","Pre-seed, Seed","£150k-£1m (ESTIMATE)","Not stated (prior knowledge insufficient)","Healthtech names TO VALIDATE","8","15","15","10","4","2","4","4","62","4","Medium","59","C","C-Tier (50–64): maintain and monitor","Jeffrey Faustin","Chief Investment Officer (prior knowledge - confirm on team page)","https://www.jensonfundingpartners.com/","Online application form (prior knowledge; TO VALIDATE)","No known route","https://www.jensonfundingpartners.com/","Unverified (prior knowledge)","Researched","Monitor; add to quarterly update list; approach after first pilot/revenue.","Jenson is a long-running SEIS/EIS manager that funds UK pre-seed companies across sectors, offering another accessible tax-efficient first cheque.","Jenson will need SEIS eligibility, a UK-focused trade and a committed team, and will question a part-time founder with an undocumented product partner.","Approach alongside SFC and other SEIS funds with a consolidated £300k-£500k SEIS/EIS round anchored on UK pilot milestones.","Search budget exhausted before this fund could be checked; all fields from prior knowledge and must be validated.","01_uk_health_vc.csv"
"VX-040","Praetura Ventures","Venture Capital","Northern EIS and regional-fund VC (Manchester)","United Kingdom","Manchester","https://www.praeturaventures.com/","https://www.linkedin.com/company/praetura-ventures/","PHONE NOT PUBLICLY AVAILABLE","","","","PHONE NOT PUBLICLY AVAILABLE","","NOT PUBLICLY AVAILABLE","NOT PUBLICLY AVAILABLE","https://www.praeturaventures.com/","Early-stage technology businesses in the North of England via EIS funds and British Business Bank regional funds; sector-agnostic with software, healthtech and consumer","Partial - healthtech among sectors (specific portfolio names TO VALIDATE)","SaaS, AI, digital platforms","North of England","Seed, Series A","£250k-£3m (ESTIMATE)","c.£200m+ across EIS and regional mandates (ESTIMATE; prior knowledge)","Healthtech portfolio names TO VALIDATE (prior knowledge insufficient to name reliably)","10","13","13","8","6","3","3","6","62","4","Medium","59","C","C-Tier (50–64): maintain and monitor","David Foreman","Co-founder and Managing Director (prior knowledge - confirm on team page)","https://www.praeturaventures.com/","Website pitch form (prior knowledge; TO VALIDATE)","Possible - via Manchester tech ecosystem (e.g. Health Innovation Manchester)","https://www.praeturaventures.com/","Unverified (prior knowledge)","Researched","Monitor; add to quarterly update list; approach after first pilot/revenue.","Praetura's EIS and regional funds write £250k-plus cheques into northern early-stage companies, which would suit a Vytalix based in Greater Manchester where Health Innovation Manchester offers NHS pilot routes.","Praetura expects northern-based teams with early revenue or product traction, so a London-based pre-formation group would be geographically and stage-wise out of scope.","Only relevant if Vytalix locates in the North; then pitch MaternaLink as a Greater Manchester maternity pilot with the advisory arm providing early revenue cover.","Search budget exhausted before this fund could be checked; all fields from prior knowledge. 'More than money' operational support model; strong preference for northern-based companies.","01_uk_health_vc.csv"
"VX-041","Kindred Capital","Venture Capital","Seed VC (equitable venture model - founders share carry)","United Kingdom","London","https://kindredcapital.vc/","https://www.linkedin.com/company/kindred-capital/","PHONE NOT PUBLICLY AVAILABLE","","","","PHONE NOT PUBLICLY AVAILABLE","","NOT PUBLICLY AVAILABLE","NOT PUBLICLY AVAILABLE","https://kindredcapital.vc/","Pre-seed, seed and Series A across AI, robotics, health technologies, software; all-partner investment team","Partial - health technologies named as a sector; portfolio includes Latent Labs (generative models for health/biology)","AI, robotics, SaaS, deep tech","Europe (UK-based), open to global","Pre-seed, Seed, Series A","$1m-$5m (per privateequitylist / openvc summaries)","Fund III c.£200m (prior knowledge; TO VALIDATE)","Latent Labs (generative AI for biology), Fractile, RobCo, Paddle, Dexory","10","12","9","10","7","3","2","8","61","5","Medium","59","C","C-Tier (50–64): maintain and monitor","Leila Zegna","Co-founder and General Partner (name from prior knowledge - confirm on team page)","https://kindredcapital.vc/","Website contact/pitch route at https://kindredcapital.vc/ (no public pitch email found); warm intro preferred","Possible - via Kindred portfolio founders (all founders hold carry and are incentivised to refer)","https://kindredcapital.vc/;https://find-and-update.company-information.service.gov.uk/company/OC401508;https://privateequitylist.com/investors/kindred-capital;https://www.openvc.app/fund/Kindred%20Capital;https://www.vcsheet.com/sheet/digital-health-funds","2026-09-07","Researched","Monitor; add to quarterly update list; approach after first pilot/revenue.","Kindred writes seed cheques into UK health and AI companies with an all-partner team, so a founder gets a fast decision from a decision-maker rather than an associate screen.","Kindred's health bets are AI/bio-heavy and its $1m+ minimum is above Vytalix's realistic first round, so it will see the company as too early and too services-led.","Reserve Kindred for the seed round after a UK pilot, framing MaternaLink's future multimodal risk-scoring research track as the AI thesis and the care-coordination platform as the data-generating wedge.","Registered office Percy House, 33 Gresse Street, London W1T 1QU (Companies House); an older address at 44-46 Sekforde Street EC1R 0HA also appears. No phone or general email found in official results. Health exposure is mainly AI/bio rather than care-delivery platforms.","01_uk_health_vc.csv"
"VX-042","Passion Capital","Venture Capital","Pre-seed / seed VC (London)","United Kingdom","London","https://www.passioncapital.com/","https://www.linkedin.com/company/passion-capital/","PHONE NOT PUBLICLY AVAILABLE","","","","PHONE NOT PUBLICLY AVAILABLE","","NOT PUBLICLY AVAILABLE","NOT PUBLICLY AVAILABLE","https://www.passioncapital.com/","Pre-seed and seed technology investments in the UK and Europe; fintech, consumer, SaaS, some health","Low to partial - occasional health investments (names TO VALIDATE)","Software, fintech, consumer apps","UK and Europe","Pre-seed, Seed","£200k-£1m (ESTIMATE)","Fund III c.£45m (ESTIMATE; prior knowledge)","Health names TO VALIDATE; best known for Monzo, GoCardless (prior knowledge)","7","15","14","10","5","2","3","7","63","3","Low","58","C","C-Tier (50–64): maintain and monitor","Eileen Burbidge","Partner (prior knowledge - confirm on team page)","https://www.passioncapital.com/","Website contact form (prior knowledge; TO VALIDATE)","No known route","https://www.passioncapital.com/","Unverified (prior knowledge)","Researched","Monitor; add to quarterly update list; approach after first pilot/revenue.","Passion Capital writes early pre-seed cheques into UK founders and its partners are influential in London tech, which could open doors beyond the cheque.","Passion's track record is fintech and consumer software, so it will likely defer on a clinical-adjacent maternal-health platform it cannot diligence.","Position as a consumer-grade product for mothers plus a B2B channel, and seek Passion only as a co-investor alongside a health-specialist lead.","Search budget exhausted before this fund could be checked; all fields from prior knowledge and must be validated.","01_uk_health_vc.csv"
"VX-043","Cambridge Innovation Capital","Venture Capital","University-affiliated deep-tech and life-sciences VC (preferred investor to University of Cambridge)","United Kingdom","Cambridge","https://www.cic.vc/","https://www.linkedin.com/company/cambridge-innovation-capital/","PHONE NOT PUBLICLY AVAILABLE","","","","PHONE NOT PUBLICLY AVAILABLE","","NOT PUBLICLY AVAILABLE","NOT PUBLICLY AVAILABLE","https://www.cic.vc/","Deep tech and life sciences from the Cambridge ecosystem; seed to Series B plus Opportunity Fund","Yes - life sciences, medtech and digital health (e.g. surgical robotics, genomics, clinical software)","AI, medtech, genomics, quantum, software","Cambridge / UK","Seed, Series A, Series B (Opportunity Fund for later rounds)","£1m-£10m (ESTIMATE)","£500m+ AUM (ESTIMATE; prior knowledge)","CMR Surgical (surgical robotics), Congenica (clinical genomics software), Bicycle Therapeutics, PolyAI (prior knowledge; TO VALIDATE)","14","8","8","10","8","3","2","8","61","4","Medium","58","C","C-Tier (50–64): maintain and monitor","Andrew Williamson","Managing Partner (prior knowledge - confirm on team page)","https://www.cic.vc/","Website contact form at https://www.cic.vc/ (prior knowledge; TO VALIDATE)","Possible - via Cambridge University Enterprise / Cambridge Angels if MaternaLink research is anchored in Cambridge","https://www.cic.vc/","Unverified (prior knowledge)","Researched","Monitor; add to quarterly update list; approach after first pilot/revenue.","CIC brings deep life-sciences and clinical-software credibility (Congenica, CMR) and Cambridge academic links that could anchor MaternaLink's future AI validation work.","CIC's mandate is Cambridge-ecosystem deep tech and life sciences with strong IP, so a London-based services-plus-platform group with no Cambridge affiliation falls outside scope.","Approach only if a Cambridge research collaboration (e.g. maternal-health data science) is in place, pitching the multimodal risk-scoring programme as the investable science.","Search budget exhausted before this fund could be checked; all fields from prior knowledge and must be validated. CIC invests almost exclusively in Cambridge-ecosystem science companies.","01_uk_health_vc.csv"
"VX-044","Episode 1 Ventures","Venture Capital","Seed-stage B2B software VC (open to cold pitches)","United Kingdom","London","https://episode1.com/","https://www.linkedin.com/company/episode-1-ventures/","PHONE NOT PUBLICLY AVAILABLE","","","","PHONE NOT PUBLICLY AVAILABLE","","NOT PUBLICLY AVAILABLE","NOT PUBLICLY AVAILABLE","https://episode1.com/","Seed investments in UK B2B software companies (SaaS, AI, marketplaces)","Low - occasional healthtech software (names TO VALIDATE)","B2B SaaS, AI","United Kingdom","Seed","£500k-£2m (ESTIMATE)","Fund III c.£100m (ESTIMATE; prior knowledge)","Healthtech names TO VALIDATE","8","14","13","10","5","2","3","6","61","4","Medium","58","C","C-Tier (50–64): maintain and monitor","Paul McNabb","Managing Partner (prior knowledge - confirm on team page)","https://episode1.com/","Website pitch form (accepts cold pitches; prior knowledge; TO VALIDATE)","No known route","https://episode1.com/","Unverified (prior knowledge)","Researched","Monitor; add to quarterly update list; approach after first pilot/revenue.","Episode 1 leads UK seed rounds in B2B software and publicly accepts cold pitches, so a software-framed MaternaLink could get a fair hearing without a warm intro.","Episode 1 will want evidence of B2B pull (paying NHS or provider customers) and a technical founding team, neither of which exists yet.","Pitch after a paid UK pilot with MaternaLink positioned as B2B workflow software for maternity services, quantifying time saved per midwife and per obstetric team.","Search budget exhausted before this fund could be checked; all fields from prior knowledge and must be validated.","01_uk_health_vc.csv"
"VX-045","Haatch","Venture Capital","SEIS/EIS pre-seed fund (B2B SaaS)","United Kingdom","Stamford / London","https://www.haatch.com/","https://www.linkedin.com/company/haatch/","PHONE NOT PUBLICLY AVAILABLE","","","","PHONE NOT PUBLICLY AVAILABLE","","NOT PUBLICLY AVAILABLE","NOT PUBLICLY AVAILABLE","https://www.haatch.com/","Pre-seed and seed SEIS/EIS investing in UK B2B software and digital transformation","Low - sector-agnostic B2B SaaS; occasional healthtech","B2B SaaS, AI, automation","United Kingdom","Pre-seed, Seed","£150k-£750k (ESTIMATE)","Not stated (prior knowledge insufficient)","Health names TO VALIDATE","7","15","15","10","4","2","4","4","61","4","Medium","58","C","C-Tier (50–64): maintain and monitor","Fred Soneya","Co-founder and Partner (prior knowledge - confirm on team page)","https://www.haatch.com/","Online pitch form on https://www.haatch.com/ (prior knowledge; TO VALIDATE)","No known route","https://www.haatch.com/","Unverified (prior knowledge)","Researched","Monitor; add to quarterly update list; approach after first pilot/revenue.","Haatch's SEIS/EIS pre-seed cheques and B2B SaaS lens suit MaternaLink if it is sold as workflow software to NHS trusts and integrated care boards.","Haatch will see long public-sector sales cycles and clinical-safety obligations as incompatible with the fast B2B SaaS traction it expects at pre-seed.","Pitch the care-coordination SaaS with a paid pilot letter of intent and the advisory arm as a customer-discovery engine, avoiding clinical-AI claims.","Search budget exhausted before this fund could be checked; all fields from prior knowledge and must be validated.","01_uk_health_vc.csv"
"VX-046","Partech Africa","Venture Capital","Africa-focused fund of a global VC (seed to Series B+)","France","Paris (Africa team in Dakar, Lagos, Nairobi, Dubai)","https://partechpartners.com","","PHONE NOT PUBLICLY AVAILABLE","","","","PHONE NOT PUBLICLY AVAILABLE","","NOT PUBLICLY AVAILABLE","contactafrica@partechpartners.com","https://partechpartners.com/contact","Digital champions with pan-African ambitions: fintech, health tech, logistics, mobility, edtech","Yes - health tech is a named sector (portfolio includes Reliance Health - prior knowledge, TO VALIDATE)","Software, platforms","Pan-African (Nigeria, Kenya, Egypt, Senegal, South Africa)","Seed, Series A, Series B+","US$1m-US$15m initial","Partech Africa II final close above US$300m (EUR 280m); Fund I EUR 125m","Health tech named across portfolio; Reliance Health and TradeDepot are prior-knowledge examples (TO VALIDATE)","13","6","5","8","10","6","3","9","60","5","Medium","58","C","C-Tier (50–64): maintain and monitor","Tidjane Dème","General Partner, Partech Africa","https://partechpartners.com/team/tidjane-deme","Email contactafrica@partechpartners.com; contact page https://partechpartners.com/contact; Dakar office 442 Rue de Kaolack, Dakar Point E","Possible - via Partech portfolio founders in Lagos","https://partechpartners.com/contact;https://partechpartners.com/team/tidjane-deme;https://partechpartners.com/news/partech-africa-ii-fund-reaches-final-close-at-hard-cap-above-300-million-expands-team-and-portfolio;https://www.eib.org/en/products/equity/funds/partech-africa-ii","2026-09-07","Researched","Monitor; add to quarterly update list; approach after first pilot/revenue.","The largest Africa-dedicated VC with health tech in its thesis and a Lagos presence, making it the natural Series A investor if MaternaLink gains a paying Nigerian state customer.","Initial cheques start at US$1m and they back companies with proven product-market fit and revenue in Africa, which Vytalix does not yet have.","Build the relationship now via contactafrica@ and use their Africa Tech VC report data in the deck; pitch formally only after a Nigerian pilot contract.","Largest Africa-dedicated VC fund; minimum ticket US$1m makes it a Series A target rather than a pre-seed lead. Publishes the annual Africa Tech VC report (useful market data for the deck).","04_africa_em_vc.csv"
"VX-047","GreenHouse Capital","Venture Capital","Africa-focused early-stage VC (Venture Garden Group affiliate)","Nigeria","Lagos","https://greenhouse.capital","","PHONE NOT PUBLICLY AVAILABLE","","","","PHONE NOT PUBLICLY AVAILABLE","","NOT PUBLICLY AVAILABLE","NOT PUBLICLY AVAILABLE","","Early-stage African fintech and tech-enabled companies; 25+ investments","Some - portfolio includes Helium Health (Nigerian EMR/health-tech)","Fintech, platforms","Nigeria / Africa; based in Ikeja, Lagos","Pre-seed, Seed","Not disclosed in search; ESTIMATE US$100k-US$500k (TO VALIDATE)","Not disclosed","Helium Health, Flutterwave, MAX.ng, Wallets Africa","11","12","10","8","9","5","2","7","64","2","Low","57","C","C-Tier (50–64): maintain and monitor","Bunmi Akinyemiju","Founding Partner","https://www.africatechsummit.com/nairobi/cth_speaker/bunmi-akinyemiju/","Website greenhouse.capital (about page); LinkedIn to founding partner","Possible - via Helium Health or Venture Garden Group contacts","https://greenhouse.capital/about/;https://www.africatechsummit.com/nairobi/cth_speaker/bunmi-akinyemiju/;https://hackernoon.com/foundersconnect-bunmi-akinyemiju-partner-at-greenhouse-capital-former-ceo-venture-garden-group;https://www.crunchbase.com/organization/greenhouse-capital","2026-09-07","Researched","Monitor; add to quarterly update list; approach after first pilot/revenue.","Lagos early-stage investor with a Helium Health position, giving it first-hand knowledge of selling health software to Nigerian providers.","Portfolio is fintech-led and they may prefer Nigerian-registered companies with revenue, not a UK pre-formation group.","Position MaternaLink (in development) as complementary to hospital EMR players like Helium Health, focused on maternal-care coordination for state health systems.","Personal phone numbers for the founding partner appeared on a directory site and are excluded per rules. Fintech-heavy; health exposure via Helium Health.","04_africa_em_vc.csv"
"VX-048","Hambro Perks","Venture Capital","Early-stage VC with EIS/VCT vehicles and venture-building heritage","United Kingdom","London","https://www.hambroperks.com/","https://www.linkedin.com/company/hambro-perks/","PHONE NOT PUBLICLY AVAILABLE","","","","PHONE NOT PUBLICLY AVAILABLE","","NOT PUBLICLY AVAILABLE","NOT PUBLICLY AVAILABLE","https://www.hambroperks.com/","Seed and Series A in UK technology: fintech, healthtech, enterprise software, consumer","Partial - healthtech among sectors (specific names TO VALIDATE)","Software, AI, digital platforms","United Kingdom","Seed, Series A","£500k-£5m (ESTIMATE)","Not stated (prior knowledge insufficient)","Healthtech names TO VALIDATE","10","12","12","10","6","3","3","6","62","3","Low","57","C","C-Tier (50–64): maintain and monitor","Dominic Perks","Co-founder and Chief Executive (prior knowledge - confirm on team page)","https://www.hambroperks.com/","Website contact form (prior knowledge; TO VALIDATE)","No known route","https://www.hambroperks.com/","Unverified (prior knowledge)","Researched","Monitor; add to quarterly update list; approach after first pilot/revenue.","Hambro Perks backs UK seed-stage companies across healthtech with EIS-qualifying vehicles, making it a candidate co-investor in a first institutional round.","Without a defined product and a clear owner of the MaternaLink IP, Hambro Perks will see structural risk before it evaluates the market.","Pitch after incorporation with a lead angel committed, presenting the UK care-coordination product and services cash flow as a capital-efficient path to seed metrics.","Search budget exhausted before this fund could be checked; all fields from prior knowledge and must be validated.","01_uk_health_vc.csv"
"VX-049","Symvan Capital","Venture Capital","SEIS/EIS technology seed fund","United Kingdom","London","https://www.symvancapital.com/","https://www.linkedin.com/company/symvan-capital/","PHONE NOT PUBLICLY AVAILABLE","","","","PHONE NOT PUBLICLY AVAILABLE","","NOT PUBLICLY AVAILABLE","NOT PUBLICLY AVAILABLE","https://www.symvancapital.com/","SEIS/EIS seed investing in UK technology including healthtech, SaaS, AI","Partial - healthtech among sectors (names TO VALIDATE)","Software, AI, digital platforms","United Kingdom","Pre-seed, Seed","£150k-£1m (ESTIMATE)","Not stated (prior knowledge insufficient)","Healthtech names TO VALIDATE","9","15","15","10","4","2","3","4","62","3","Low","57","C","C-Tier (50–64): maintain and monitor","Kealan Doyle","Co-founder and Chief Executive (prior knowledge - confirm on team page)","https://www.symvancapital.com/","Website application form (prior knowledge; TO VALIDATE)","No known route","https://www.symvancapital.com/","Unverified (prior knowledge)","Researched","Monitor; add to quarterly update list; approach after first pilot/revenue.","Symvan is another SEIS/EIS technology fund that can write a £150k-plus first cheque into a UK healthtech company with tax relief attached.","Symvan will look for a scalable tech product and team, and will find a services-led group with an early prototype under-developed for its portfolio.","Bundle with other SEIS funds in a single round and lead with product demo, pilot letter of intent and SEIS advance assurance.","Search budget exhausted before this fund could be checked; all fields from prior knowledge and must be validated.","01_uk_health_vc.csv"
"VX-050","7percent Ventures","Venture Capital","Pre-seed / seed 'moonshot' VC","United Kingdom","London","https://7pc.vc/","https://www.linkedin.com/company/7percent-ventures/","PHONE NOT PUBLICLY AVAILABLE","","","","PHONE NOT PUBLICLY AVAILABLE","","NOT PUBLICLY AVAILABLE","NOT PUBLICLY AVAILABLE","https://7pc.vc/","Pre-seed and seed investments in ambitious UK/European technology founders; deep tech, AI, some health","Low - occasional health investments (names TO VALIDATE)","Deep tech, AI, software","UK and Europe","Pre-seed, Seed","£100k-£500k (ESTIMATE)","Not stated (prior knowledge insufficient)","Health names TO VALIDATE","7","15","15","10","4","2","3","5","61","3","Low","56","C","C-Tier (50–64): maintain and monitor","Andrew J. Scott","Founding Partner (prior knowledge - confirm on team page)","https://7pc.vc/","Website pitch form (prior knowledge; TO VALIDATE)","No known route","https://7pc.vc/","Unverified (prior knowledge)","Researched","Monitor; add to quarterly update list; approach after first pilot/revenue.","7percent backs very early, ambitious founders with small cheques, so the long-term vision of multimodal maternal risk prediction may appeal even at concept stage.","7percent seeks technically defensible moonshots and may view a care-coordination platform as incremental and the AI ambition as unproven.","Lead with the long-term vision (predictive maternal safety) while showing a disciplined, regulatory-aware path from v1 coordination to v3 AI.","Search budget exhausted before this fund could be checked; all fields from prior knowledge and must be validated.","01_uk_health_vc.csv"
"VX-051","Calculus Capital","Venture Capital","EIS and VCT manager (healthcare, life sciences, technology)","United Kingdom","London","https://www.calculuscapital.com/","https://www.linkedin.com/company/calculus-capital/","PHONE NOT PUBLICLY AVAILABLE","","","","PHONE NOT PUBLICLY AVAILABLE","","NOT PUBLICLY AVAILABLE","NOT PUBLICLY AVAILABLE","https://www.calculuscapital.com/","UK growth-stage EIS and VCT investing in healthcare, life sciences, technology and creative industries","Yes - healthcare and life sciences are named sectors (e.g. biopharma Arecor; prior knowledge)","Life sciences, medtech, software","United Kingdom","Series A, growth (some seed)","£1m-£5m (ESTIMATE)","c.£150m+ raised across EIS/VCT (ESTIMATE; prior knowledge)","Arecor (biopharma, prior knowledge), other healthcare EIS investments TO VALIDATE","12","9","11","10","7","3","3","5","60","3","Low","56","C","C-Tier (50–64): maintain and monitor","John Glencross","Chief Executive and Co-founder (prior knowledge - confirm on team page)","https://www.calculuscapital.com/","Website contact form (prior knowledge; TO VALIDATE)","No known route","https://www.calculuscapital.com/","Unverified (prior knowledge)","Researched","Monitor; add to quarterly update list; approach after first pilot/revenue.","Calculus is a UK EIS manager with an explicit healthcare focus, so it can join an EIS-qualifying round once MaternaLink has early pilot revenue.","Calculus prefers revenue-generating healthcare companies with clinical validation, so it will treat a pre-formation maternal-health platform as premature.","Position for the seed-plus round after UK pilot contracts, emphasising EIS eligibility and the advisory revenue base that reduces burn.","Search budget exhausted before this fund could be checked; all fields from prior knowledge and must be validated. Calculus typically invests in companies with revenue; pre-seed is rare.","01_uk_health_vc.csv"
"VX-052","Concentric","Venture Capital","Seed / Series A VC (London and Copenhagen)","United Kingdom","London","https://www.concentric.vc/","https://www.linkedin.com/company/concentric-vc/","PHONE NOT PUBLICLY AVAILABLE","","","","PHONE NOT PUBLICLY AVAILABLE","","NOT PUBLICLY AVAILABLE","NOT PUBLICLY AVAILABLE","https://www.concentric.vc/","Seed and Series A technology investments across Europe; sectors include health, fintech, SaaS, consumer","Partial - health among sectors (names TO VALIDATE)","Software, AI, digital platforms","UK and Northern Europe","Seed, Series A","£500k-£3m (ESTIMATE)","Not stated (prior knowledge insufficient)","Health names TO VALIDATE","9","13","12","9","5","3","3","6","60","3","Low","56","C","C-Tier (50–64): maintain and monitor","Kjartan Rist","Founding Partner (prior knowledge - confirm on team page)","https://www.concentric.vc/","Website contact form (prior knowledge; TO VALIDATE)","No known route","https://www.concentric.vc/","Unverified (prior knowledge)","Researched","Monitor; add to quarterly update list; approach after first pilot/revenue.","Concentric backs UK and Nordic seed companies including health, and could co-invest in a seed round led by a health specialist.","Concentric will question market size for a UK maternity-workflow product and the execution risk of a simultaneous Nigeria government strategy.","Present a focused UK wedge with clear ICB procurement economics and treat Africa as a later, partner-led expansion.","Search budget exhausted before this fund could be checked; all fields from prior knowledge and must be validated.","01_uk_health_vc.csv"
"VX-053","Sussex Place Ventures","Venture Capital","Seed VC linked to London Business School community","United Kingdom","London","https://www.spventures.com/","https://www.linkedin.com/company/sussex-place-ventures/","PHONE NOT PUBLICLY AVAILABLE","","","","PHONE NOT PUBLICLY AVAILABLE","","NOT PUBLICLY AVAILABLE","NOT PUBLICLY AVAILABLE","https://www.spventures.com/","Seed and early-stage technology investments, often with London Business School alumni founders; sector-agnostic","Low - occasional health investments (names TO VALIDATE)","Software, digital platforms","United Kingdom","Seed","£250k-£1m (ESTIMATE)","Not stated (prior knowledge insufficient)","TO VALIDATE","8","14","14","10","5","2","2","5","60","3","Low","56","C","C-Tier (50–64): maintain and monitor","NOT PUBLICLY IDENTIFIED","NOT PUBLICLY IDENTIFIED","https://www.spventures.com/","Website contact form (prior knowledge; TO VALIDATE)","Possible - via London Business School alumni network","https://www.spventures.com/","Unverified (prior knowledge)","Researched","Monitor; add to quarterly update list; approach after first pilot/revenue.","Sussex Place Ventures writes small seed cheques into UK founders and its LBS link could bring commercial and governance support to a founder-led group.","With little health specialism, it will defer to a health lead investor and will not lead a pre-seed round in maternal health.","Approach as a follow-on co-investor once a health-focused lead is secured, emphasising governance and commercial rigour.","Search budget exhausted before this fund could be checked; all fields from prior knowledge and must be validated; current activity level TO VALIDATE.","01_uk_health_vc.csv"
"VX-054","Maven Capital Partners","Venture Capital","UK regional VCT / EIS / British Business Bank regional fund manager","United Kingdom","Glasgow (offices across UK)","https://www.mavencp.com/","https://www.linkedin.com/company/maven-capital-partners/","PHONE NOT PUBLICLY AVAILABLE","","","","PHONE NOT PUBLICLY AVAILABLE","","NOT PUBLICLY AVAILABLE","NOT PUBLICLY AVAILABLE","https://www.mavencp.com/","UK SME and early-stage investing via VCTs, EIS and regional funds (NPIF, MEIF, Scottish funds); sectors include healthcare, software, technology","Partial - healthcare and healthtech among VCT sectors (specific names TO VALIDATE)","Software, healthtech, data","United Kingdom (regional offices)","Seed (regional funds), Series A, growth (VCT)","£100k-£10m depending on fund (ESTIMATE)","c.£800m+ AUM (ESTIMATE; prior knowledge)","Healthcare/healthtech VCT investments TO VALIDATE","10","10","11","9","7","3","3","6","59","4","Low","56","C","C-Tier (50–64): maintain and monitor","Bill Nixon","Managing Partner (prior knowledge - confirm on team page)","https://www.mavencp.com/","Regional office contact forms via https://www.mavencp.com/ (prior knowledge; TO VALIDATE)","Possible - via regional growth hubs and British Business Bank regional fund networks","https://www.mavencp.com/","Unverified (prior knowledge)","Researched","Monitor; add to quarterly update list; approach after first pilot/revenue.","Maven's regional funds can write £100k-£500k early-stage cheques across most UK regions and its VCTs can follow on, offering a domestic path from pre-seed to growth.","Maven's VCT and regional mandates favour revenue-generating businesses with UK customers, so a pre-revenue platform with an Africa-first sales story will struggle on eligibility.","Lead with the advisory/consulting revenue line and a UK maternity pilot pipeline, presenting MaternaLink as a UK product with export upside rather than a Nigeria-first venture.","Search budget exhausted before this fund could be checked; all fields from prior knowledge. Maven publishes office phone numbers on its website (TO VALIDATE and record with source URL).","01_uk_health_vc.csv"
"VX-055","Connect Ventures","Venture Capital","Seed VC for product-led companies","United Kingdom","London","https://www.connectventures.co/","https://www.linkedin.com/company/connect-ventures/","PHONE NOT PUBLICLY AVAILABLE","","","","PHONE NOT PUBLICLY AVAILABLE","","NOT PUBLICLY AVAILABLE","NOT PUBLICLY AVAILABLE","https://www.connectventures.co/","Seed investments in product-led software companies across Europe","Low - occasional health/wellbeing apps (names TO VALIDATE)","Product-led SaaS, consumer software","UK and Europe","Seed","£500k-£2m (ESTIMATE)","Not stated (prior knowledge insufficient)","Health names TO VALIDATE","7","14","13","10","4","2","3","6","59","3","Low","55","C","C-Tier (50–64): maintain and monitor","Sitar Teli","Managing Partner (prior knowledge - confirm on team page)","https://www.connectventures.co/","Website contact form (prior knowledge; TO VALIDATE)","No known route","https://www.connectventures.co/","Unverified (prior knowledge)","Researched","Monitor; add to quarterly update list; approach after first pilot/revenue.","Connect Ventures backs product-led seed companies, and a mother-facing MaternaLink app with strong engagement could fit its product-craft thesis.","Connect will see NHS procurement and government sales as the opposite of product-led growth and will question distribution.","Show mother-facing engagement data from a pilot (retention, weekly use) and a bottom-up adoption path through midwives before B2B contracts.","Search budget exhausted before this fund could be checked; all fields from prior knowledge and must be validated.","01_uk_health_vc.csv"
"VX-056","Firstminute Capital","Venture Capital","Seed VC backed by founder LPs (London)","United Kingdom","London","https://www.firstminute.capital/","https://www.linkedin.com/company/firstminute-capital/","PHONE NOT PUBLICLY AVAILABLE","","","","PHONE NOT PUBLICLY AVAILABLE","","NOT PUBLICLY AVAILABLE","NOT PUBLICLY AVAILABLE","https://www.firstminute.capital/","Seed investments across Europe and the US in software, AI, deep tech, some health","Low to partial - occasional healthtech (names TO VALIDATE)","Software, AI, deep tech","UK, Europe, US","Seed (some pre-seed)","$1m-$3m (ESTIMATE)","Fund II c.$111m (ESTIMATE; prior knowledge)","Health names TO VALIDATE","8","13","10","9","6","2","2","8","58","4","Low","55","C","C-Tier (50–64): maintain and monitor","Brent Hoberman","Co-founder and Executive Chairman (prior knowledge - confirm on team page)","https://www.firstminute.capital/","Website contact form (prior knowledge; TO VALIDATE)","Possible - via Founders Forum / Founders Factory network","https://www.firstminute.capital/","Unverified (prior knowledge)","Researched","Monitor; add to quarterly update list; approach after first pilot/revenue.","Firstminute's founder-LP base offers unusually strong network value for a first-time founder, even though its typical cheque is above Vytalix's first round.","Firstminute's $1m-plus seed cheques and preference for globally scalable software make a pre-formation maternal-health group too early and too niche.","Target for a later seed round, using Founders Forum-style introductions and a demonstrated UK pilot to justify a $1m-plus cheque.","Search budget exhausted before this fund could be checked; all fields from prior knowledge and must be validated.","01_uk_health_vc.csv"
"VX-057","Northern Gritstone","Venture Capital","University spinout investor (Leeds, Manchester, Sheffield) with EIS fund via Parkwalk","United Kingdom","Manchester","https://www.northern-gritstone.com/","https://www.linkedin.com/company/northern-gritstone/","PHONE NOT PUBLICLY AVAILABLE","","","","PHONE NOT PUBLICLY AVAILABLE","","NOT PUBLICLY AVAILABLE","NOT PUBLICLY AVAILABLE","https://www.northern-gritstone.com/","Science and IP-rich spinouts and start-ups from northern universities: health tech, advanced materials, AI, energy","Yes - health tech and life sciences named among focus areas","Deep tech, AI, medtech","North of England","Seed, Series A, follow-on","£500k-£5m (ESTIMATE)","c.£312m raised (ESTIMATE; prior knowledge); Northern Universities Venture Fund EIS with Parkwalk (2025, seen in search results)","Northern university health-tech spinouts (specific names TO VALIDATE)","12","8","10","9","7","3","2","7","58","4","Low","55","C","C-Tier (50–64): maintain and monitor","Duncan Johnson","Chief Executive Officer (prior knowledge - confirm on team page)","https://www.northern-gritstone.com/","Website contact form (prior knowledge; TO VALIDATE); route via university tech-transfer offices","Possible - via Leeds/Manchester/Sheffield university innovation teams","https://www.northern-gritstone.com/;https://parkwalkadvisors.com/2025/06/northern-universities-venture-fund-launch/;https://www.eu-startups.com/2025/06/northern-gritstone-and-parkwalk-team-up-for-new-eis-fund-will-it-deliver-the-uks-first-trillion-euro-startup/","Unverified (prior knowledge)","Researched","Monitor; add to quarterly update list; approach after first pilot/revenue.","Northern Gritstone is relevant if MaternaLink's AI research is co-developed with a northern university (e.g. Manchester or Leeds maternal-health research groups), giving access to its EIS and main fund.","Vytalix has no northern-university affiliation or protectable science, which excludes it from Northern Gritstone's core mandate.","Build a research collaboration with a northern university maternity unit first, then pitch the data-science programme as a spinout-style opportunity with Vytalix as commercial partner.","Only the Parkwalk partnership was seen in search results; other fields are prior knowledge. Mandate is university-linked science businesses in the North.","01_uk_health_vc.csv"
"VX-058","Merck Global Health Innovation Fund (Merck GHI)","Strategic / Corporate VC","Pharma CVC – digital health growth fund","United States","Rahway, NJ","https://www.merckghifund.com/","https://www.linkedin.com/company/merck-global-health-innovation-fund","PHONE NOT PUBLICLY AVAILABLE","","","","PHONE NOT PUBLICLY AVAILABLE","","NOT PUBLICLY AVAILABLE","NOT PUBLICLY AVAILABLE","","Growth capital for digital health and data-science companies adjacent to Merck's pharma/vaccine business; evergreen USD 500m fund","Digital health, health data, clinical development, supply chain, patient access","Data science, AI/ML, health IT platforms","Global (US-centric)","Growth (Series B+); explicitly a growth investor","USD 5m–25m (ESTIMATE from public deal history)","USD 500m evergreen; >USD 800m committed across 70 companies (Global Venturing Q&A)","20+ digital health companies since 2010 (per merckghifund.com; individual names TO VALIDATE)","17","2","2","6","12","8","2","8","57","4","Low","54","C","C-Tier (50–64): maintain and monitor","Bill (William) Taranto","President, Merck Global Health Innovation Fund","https://globalventuring.com/corporate/powerlist-qa-bill-taranto-merck-ghi-fund/","Website https://www.merckghifund.com/ (no public pitch email found); LinkedIn to Bill Taranto","Possible – via MSD for Mothers / MSD UK maternal-health programme contacts (mDoc is an MSD for Mothers grantee)","https://www.merckghifund.com/;https://globalventuring.com/corporate/powerlist-qa-bill-taranto-merck-ghi-fund/;https://www.crunchbase.com/organization/merck-global-health-innovation-fund","2026-09-07","Researched","Monitor; add to quarterly update list; approach after first pilot/revenue.","Merck GHI is the digital-health growth arm of the group that also funds MSD for Mothers, so it is the one pharma CVC whose parent already spends on maternal-health digital programmes in Nigeria.","Merck GHI writes growth cheques into companies with revenue and data, and Vytalix is pre-formation with no product in production.","Position MaternaLink (in development) as a future data-and-care-coordination layer for maternal health in the UK and Nigeria and ask only for a relationship now, with a Series B conversation once pilots and data exist.","LATER-STAGE ONLY: self-described growth investor; not a realistic pre-seed cheque. Value is as a future Series B investor and as a door into MSD's maternal-health ecosystem (MSD for Mothers). Directory sites (ZoomInfo, D&B) appeared in results and were ignored per schema.","04_africa_em_vc.csv"
"VX-059","Leaps by Bayer","Strategic / Corporate VC","Pharma impact/CVC arm","Germany","Berlin / Leverkusen (also Boston, Cambridge MA, St. Louis)","https://leaps.bayer.com/","https://www.linkedin.com/company/leapsbybayer","PHONE NOT PUBLICLY AVAILABLE","","","","PHONE NOT PUBLICLY AVAILABLE","","NOT PUBLICLY AVAILABLE","NOT PUBLICLY AVAILABLE","","Impact investment in paradigm-shifting life-science and agriculture breakthroughs organised around ten 'Leaps'; dual financial and 'return on humanity' mandate","Health breakthroughs incl. digital health (led Ada Health USD 90m Series B), women's health legacy via Bayer pharma","Biotech, cell/gene therapy, AI-driven health platforms","Global (Europe and US)","Series A to late stage; average Series A cheque ~USD 48m (Signal/NFX data)","USD 20m–100m (per Signal/NFX averages)","Circa EUR 1.3bn+ deployed since 2015 (prior knowledge; TO VALIDATE)","Ada Health (symptom assessment/digital health)","15","2","1","7","12","8","2","8","55","5","Low","54","C","C-Tier (50–64): maintain and monitor","Juergen Eckhardt","Executive Vice President and Head of Leaps by Bayer","https://ch.linkedin.com/in/juergen-eckhardt","Website https://leaps.bayer.com/ (contact form); LinkedIn to Leaps team","Possible – via Bayer G4A digital-health programme alumni","https://about.ada.com/press/210527-leaps-by-bayer-leads-usd-90-million-series-b-financing/;https://ch.linkedin.com/in/juergen-eckhardt;https://signal.nfx.com/firms/leaps-by-bayer;https://www.linkedin.com/company/leapsbybayer","2026-09-07","Researched","Monitor; add to quarterly update list; approach after first pilot/revenue.","Bayer is the pharma group with the deepest women's-health heritage and Leaps has already backed a consumer-facing digital-health platform (Ada), so maternal digital health is on-thesis.","Leaps funds paradigm-shifting science at Series A+ with USD 20m+ tickets, far beyond a pre-seed care-coordination platform.","Approach Bayer G4A first for partnership and keep Leaps informed as the long-term growth investor once MaternaLink has clinical evidence.","LATER-STAGE, LARGE TICKETS: Leaps is a breakthrough-science investor with USD 20m+ cheques; not a pre-seed source. Bayer's women's-health heritage and G4A programme are the more realistic entry points. LeadIQ/Lusha entries in results ignored per schema.","04_africa_em_vc.csv"
"VX-060","Verod-Kepple Africa Ventures","Venture Capital","Africa-focused Series A/B VC (Verod Capital + Kepple Africa Ventures JV)","Nigeria","Lagos (also Nairobi)","https://vkav.vc","https://www.linkedin.com/company/verodkepple","PHONE NOT PUBLICLY AVAILABLE","","","","PHONE NOT PUBLICLY AVAILABLE","","NOT PUBLICLY AVAILABLE","NOT PUBLICLY AVAILABLE","","Series A and B tech companies across sub-Saharan Africa: fintech, mobility, e-commerce, proptech, deep tech, insurtech, energy, healthcare","Healthcare listed among invested sectors; specific health companies not named in search","Tech platforms","Nigeria, Kenya, Egypt, South Africa","Series A, Series B","US$1m-US$3m with follow-on","US$60m first fund (final close Apr 2024)","Moove, KOKO Networks, Shuttlers, Cloudline, Chari, mTek-Services; healthcare investee not named","11","6","6","8","9","5","2","8","55","4","Low","53","C","C-Tier (50–64): maintain and monitor","Satoshi Shinada","General Partner (prior knowledge - TO VALIDATE on vkav.vc team page)","https://vkav.vc/","Website vkav.vc; LinkedIn company page","Possible - via Verod Capital (Lagos PE) network","https://vkav.vc/;https://techcrunch.com/2024/04/09/verod-kepple-closes-first-fund-at-60m/;https://www.linkedin.com/company/verodkepple;https://empowerafrica.com/verod-kepple-africa-ventures-closes-60-million-fund-to-support-african-startups/","2026-09-07","Researched","Monitor; add to quarterly update list; approach after first pilot/revenue.","Nigeria-headquartered Series A/B fund that lists healthcare among its sectors and could lead a later round after a Nigerian pilot proves out.","Minimum cheque of US$1m into Series A companies with revenue rules out a pre-seed, pre-revenue UK entity today.","Open a relationship now for a 2028+ Series A, sharing pilot data from a Nigerian state deployment as it emerges.","Kepple Africa Ventures (Tokyo) pre-seed activity was folded into this vehicle; VKAV is a Series A/B fund so it is a follow-on target, not a first-cheque lead.","04_africa_em_vc.csv"
"VX-061","Boehringer Ingelheim Venture Fund (BIVF)","Strategic / Corporate VC","Pharma CVC","Germany","Ingelheim am Rhein","https://www.boehringer-ingelheim.com/partnering/venture-fund","https://www.linkedin.com/company/boehringer-ingelheim","PHONE NOT PUBLICLY AVAILABLE","","","","PHONE NOT PUBLICLY AVAILABLE","","NOT PUBLICLY AVAILABLE","NOT PUBLICLY AVAILABLE","","Seed and early-stage investments in biotech and digital health with therapeutic relevance to Boehringer Ingelheim","Therapeutics (cardio-metabolic, respiratory, oncology, CNS); digital health","Biotech platforms, digital therapeutics, health data","Europe, US, Israel","Seed to Series A (company creation)","EUR 0.5m–10m over a company's life (ESTIMATE)","EUR 300m+ evergreen (prior knowledge; TO VALIDATE)","Digital-health/biotech names TO VALIDATE on official page","12","10","8","7","7","3","3","6","56","2","Low","51","C","C-Tier (50–64): maintain and monitor","NOT PUBLICLY IDENTIFIED","Managing Director, BIVF (TO VALIDATE)","https://www.boehringer-ingelheim.com/partnering/venture-fund","Venture fund page on boehringer-ingelheim.com (contact form)","No known route","https://www.boehringer-ingelheim.com/partnering/venture-fund","Unverified (prior knowledge)","Researched","Monitor; add to quarterly update list; approach after first pilot/revenue.","BIVF is one of the only pharma CVCs that invests at seed stage in Europe, so stage fit is unusually good for a corporate investor.","Maternal health is outside BI's therapeutic areas, so there is no internal business sponsor for the investment.","Emphasise cardio-metabolic risk in pregnancy (hypertension, gestational diabetes) as the bridge to BI's franchises and the MaternaLink monitoring-support roadmap.","Not verified today. BIVF is genuinely seed-friendly among pharma CVCs, but its digital-health interest is tied to BI's therapeutic areas; women's health is not one of them.","04_africa_em_vc.csv"
"VX-062","Foresight Group (Foresight Ventures)","Venture Capital","Listed alternative asset manager with VCTs and regional venture funds (incl. Foresight Williams Technology EIS)","United Kingdom","London (regional offices)","https://www.foresightgroup.eu/","https://www.linkedin.com/company/foresight-group/","PHONE NOT PUBLICLY AVAILABLE","","","","PHONE NOT PUBLICLY AVAILABLE","","NOT PUBLICLY AVAILABLE","NOT PUBLICLY AVAILABLE","https://www.foresightgroup.eu/","UK SME growth and venture via VCTs, regional funds and technology EIS; sectors include healthcare, software, engineering","Partial - healthcare among VCT sectors (specific names TO VALIDATE)","Software, engineering, deep tech","United Kingdom (regional)","Seed (regional/EIS), Series A, growth (VCT)","£500k-£10m (ESTIMATE)","c.£12bn group AUM incl. infrastructure (ESTIMATE; prior knowledge)","Healthcare VCT investments TO VALIDATE","9","9","10","10","6","3","3","6","56","2","Low","51","C","C-Tier (50–64): maintain and monitor","NOT PUBLICLY IDENTIFIED","NOT PUBLICLY IDENTIFIED","https://www.foresightgroup.eu/","Website enquiry form via https://www.foresightgroup.eu/ (prior knowledge; TO VALIDATE)","No known route","https://www.foresightgroup.eu/","Unverified (prior knowledge)","Researched","Monitor; add to quarterly update list; approach after first pilot/revenue.","Foresight's regional funds and VCTs provide a UK follow-on path, and the group's scale lends credibility, but it is a secondary rather than lead target for a pre-seed maternal-health company.","Foresight's VCT rules and preference for established revenue mean a pre-revenue, pre-formation group is too early for most of its vehicles.","Approach at seed-plus with UK pilot revenue in hand, targeting a regional fund office rather than the London VCT team.","Search budget exhausted before this fund could be checked; all fields from prior knowledge. Primarily a later-stage/VCT investor; early-stage exposure is via regional funds and the Williams Advanced Engineering EIS.","01_uk_health_vc.csv"
"VX-063","BGF","Venture Capital","UK growth-capital investor (bank-backed; also early-stage and healthcare investments)","United Kingdom","London (regional offices UK-wide)","https://www.bgf.co.uk/","https://www.linkedin.com/company/bgf/","PHONE NOT PUBLICLY AVAILABLE","","","","PHONE NOT PUBLICLY AVAILABLE","","NOT PUBLICLY AVAILABLE","NOT PUBLICLY AVAILABLE","https://www.bgf.co.uk/","Minority growth capital £1m-£15m for UK and Irish businesses across sectors including healthcare and technology; some early-stage investments","Partial - healthcare is a sector team (names TO VALIDATE)","Software, healthtech, medtech","United Kingdom and Ireland","Growth, Series A/B; limited early-stage","£1m-£15m (ESTIMATE)","c.£2.5bn+ evergreen capital (ESTIMATE; prior knowledge)","Healthcare growth investments TO VALIDATE","10","5","6","10","8","3","4","7","53","4","Low","51","C","C-Tier (50–64): maintain and monitor","Andy Gregory","Chief Executive Officer (prior knowledge - confirm on team page)","https://www.bgf.co.uk/","Regional office contact forms via https://www.bgf.co.uk/ (prior knowledge; TO VALIDATE)","Possible - via regional BGF offices and bank relationship managers","https://www.bgf.co.uk/","Unverified (prior knowledge)","Researched","Monitor; add to quarterly update list; approach after first pilot/revenue.","BGF's evergreen, patient capital and regional presence make it a plausible growth investor once Vytalix has revenue, but not a first-round option.","BGF's £1m minimum and revenue requirements rule out a pre-revenue group entirely at this stage.","Track for a future growth round after the advisory business and MaternaLink pilots generate recurring revenue.","Search budget exhausted before this fund could be checked; all fields from prior knowledge. Growth investor - included with honest low stage/ticket scores as a future follow-on.","01_uk_health_vc.csv"
"VX-064","Balderton Capital","Venture Capital","Series A-focused VC with early-stage fund (Europe; London HQ)","United Kingdom","London","https://www.balderton.com/","https://www.linkedin.com/company/balderton-capital/","PHONE NOT PUBLICLY AVAILABLE","","","","PHONE NOT PUBLICLY AVAILABLE","","NOT PUBLICLY AVAILABLE","NOT PUBLICLY AVAILABLE","https://www.balderton.com/","Series A (and selective seed via early-stage fund) across European technology; software, AI, consumer, health","Partial - health investments such as Sophia Genetics and Numan (prior knowledge; TO VALIDATE)","Software, AI, digital health","Europe (UK HQ)","Series A, Series B; some seed","$3m-$20m (ESTIMATE)","Multiple funds; c.$5bn+ raised historically (ESTIMATE; prior knowledge)","Sophia Genetics, Numan (prior knowledge; TO VALIDATE)","11","6","4","9","8","3","2","9","52","3","Low","49","C","C-Tier (50–64): maintain and monitor","Suranga Chandratillake","General Partner (prior knowledge - confirm on team page)","https://www.balderton.com/","Website contact/pitch form (prior knowledge; TO VALIDATE); warm intro preferred","No known route","https://www.balderton.com/","Unverified (prior knowledge)","Researched","Monitor; add to quarterly update list; approach after first pilot/revenue.","Balderton is a leading European Series A investor with health exposure, valuable as a follow-on target once MaternaLink has UK traction.","Balderton's cheque size and Series A bar are far beyond a pre-seed group without product-market fit.","Build awareness only; approach at Series A with multi-trust adoption and outcome data.","Search budget exhausted before this fund could be checked; all fields from prior knowledge. Series A-plus investor - included with honest low stage/ticket scores.","01_uk_health_vc.csv"
"VX-065","Pfizer Ventures","Strategic / Corporate VC","Pharma CVC","United States","New York, NY","https://www.pfizer.com/about/partners/venture-investments","https://www.linkedin.com/company/pfizer","PHONE NOT PUBLICLY AVAILABLE","","","","PHONE NOT PUBLICLY AVAILABLE","","NOT PUBLICLY AVAILABLE","NOT PUBLICLY AVAILABLE","","Equity investments in emerging companies developing therapeutics, platforms and technologies of strategic interest to Pfizer","Therapeutics, vaccines, selective digital health and health-tech","Biotech platforms, AI/ML drug discovery, digital health","Global (US-centric)","Seed to Series B (biotech-led)","USD 5m–25m (ESTIMATE)","USD 1bn+ committed to venture investments (prior knowledge; TO VALIDATE)","Mainly biotech; some digital health (names TO VALIDATE)","13","4","3","6","10","7","2","7","52","2","Low","47","C","C-Tier (50–64): maintain and monitor","NOT PUBLICLY IDENTIFIED","Head of Pfizer Ventures (name TO VALIDATE on pfizer.com)","https://www.pfizer.com/about/partners/venture-investments","Pfizer Ventures page on pfizer.com (partnering contact form)","No known route","https://www.pfizer.com/about/partners/venture-investments","Unverified (prior knowledge)","Researched","Monitor; add to quarterly update list; approach after first pilot/revenue.","Pfizer's maternal immunisation franchise (maternal RSV vaccine) creates a direct strategic interest in antenatal engagement and adherence tools like MaternaLink (in development).","Pfizer Ventures invests in venture-stage biotech and platform companies, not pre-formation care-coordination start-ups.","Pitch Pfizer UK's maternal immunisation team on a pilot partnership first and use that traction to reach Pfizer Ventures later.","Not verified today. Pfizer's maternal RSV vaccine (Abrysvo) gives Pfizer a commercial interest in antenatal engagement platforms — a possible partnership angle, but Pfizer Ventures' cheques and stage are beyond pre-seed.","04_africa_em_vc.csv"
"VX-066","Novartis Venture Fund","Strategic / Corporate VC","Pharma CVC (life sciences; digital health legacy via dRx Capital)","Switzerland","Basel (also Cambridge, MA)","https://www.nvfund.com/","https://www.linkedin.com/company/novartis-venture-fund","PHONE NOT PUBLICLY AVAILABLE","","","","PHONE NOT PUBLICLY AVAILABLE","","NOT PUBLICLY AVAILABLE","NOT PUBLICLY AVAILABLE","","Venture investments in life-science companies developing novel therapeutics and platforms; historically digital health via dRx Capital (Novartis–Qualcomm JV, 2015, up to USD 100m, Series A+)","Therapeutics, biotech; digital medicine (dRx legacy: Omada, Pear, Science 37, Koneksa)","Biotech platforms; data/digital health (legacy)","Europe and North America","Seed to Series B (biotech); dRx Capital was Series A+","USD 5m–20m over a company's life (ESTIMATE)","Circa USD 1bn+ under management (prior knowledge; TO VALIDATE)","dRx Capital portfolio: Omada Health, Science 37, Koneksa, Xealth, Pear Therapeutics (Crunchbase/Dealroom snippets)","12","6","4","7","8","4","2","7","50","3","Low","47","C","C-Tier (50–64): maintain and monitor","Beat Steffen","Managing Director, Novartis Venture Fund (Basel)","https://www.nvfund.com/team/beat-steffen","Team pages on https://www.nvfund.com/team; LinkedIn to a Basel managing director","No known route","https://www.nvfund.com/;https://www.nvfund.com/team;https://www.crunchbase.com/organization/drx-capital;https://app.dealroom.co/investors/drx_capital","2026-09-07","Researched","Monitor; add to quarterly update list; approach after first pilot/revenue.","Novartis is one of the few European pharma CVCs with a documented digital-medicine track record (dRx Capital) and a Basel base reachable from the UK.","NVF's current thesis is therapeutics, not non-diagnostic care-coordination software, and dRx Capital's digital-health mandate appears dormant.","Use the dRx legacy as the conversation opener and pitch MaternaLink's R&D track (multimodal maternal risk research) as a future data partnership rather than a near-term cheque.","dRx Capital's current activity status is TO VALIDATE (appears legacy; no new digital-health fund publicly announced). NVF's core mandate is therapeutics, so a maternal care-coordination platform is off-thesis. Included because it is a credible, active, Europe-based pharma CVC.","04_africa_em_vc.csv"
"VX-067","Molten Ventures","Venture Capital","LSE-listed Series A+ venture investor (digital health and wellness among sectors)","United Kingdom","London","https://www.moltenventures.com/","https://www.linkedin.com/company/molten-ventures/","PHONE NOT PUBLICLY AVAILABLE","","","","PHONE NOT PUBLICLY AVAILABLE","","NOT PUBLICLY AVAILABLE","NOT PUBLICLY AVAILABLE","https://www.moltenventures.com/","Series A to growth in European tech: enterprise software, consumer, hardware/deep tech, digital health and wellness","Yes - 'digital health and wellness' is a named sector (e.g. Endomag medtech; prior knowledge)","Software, AI, medtech, deep tech","UK and Europe","Series A, Series B, growth (seed only via fund-of-funds programme)","£5m-£20m+ (ESTIMATE)","c.£1bn+ portfolio value (ESTIMATE; prior knowledge; acquired Forward Partners in 2024)","Endomag (medtech), digital-health names TO VALIDATE","12","4","3","10","7","3","2","7","48","4","Low","47","D","Below 50: do not prioritise","Ben Wilkinson","Chief Executive Officer (prior knowledge - confirm on team page)","https://www.moltenventures.com/","Website contact form (prior knowledge; TO VALIDATE)","Possible - via seed funds in Molten's fund-of-funds programme (e.g. Seedcamp)","https://www.moltenventures.com/","Unverified (prior knowledge)","Researched","Hold. Re-score only if new information emerges.","Molten is a long-term Series A-plus partner with a digital-health sector and exposure to UK seed funds, useful as a future follow-on investor rather than a first cheque.","Molten's minimum cheque and Series A-plus stage are far beyond a pre-seed group, so it will simply be too early.","Track for Series A only; build relationships via a Molten-backed seed fund and report progress on MaternaLink pilots over time.","Search budget exhausted before this fund could be checked; all fields from prior knowledge. Growth-stage investor - included for completeness with honest low stage/ticket scores. Forward Partners (a seed fund) was absorbed by Molten in 2024, so it is not listed separately.","01_uk_health_vc.csv"
"VX-068","Sanofi Ventures","Strategic / Corporate VC","Pharma CVC","United States","Cambridge, MA (also Paris)","https://www.sanofiventures.com/","https://www.linkedin.com/company/sanofi-ventures","PHONE NOT PUBLICLY AVAILABLE","","","","PHONE NOT PUBLICLY AVAILABLE","","NOT PUBLICLY AVAILABLE","NOT PUBLICLY AVAILABLE","","Strategic venture investments in biotech and digital health companies aligned to Sanofi's therapeutic areas","Therapeutics, vaccines, digital health and data","Biotech platforms, AI/data, digital therapeutics","US and Europe","Seed to Series B (TO VALIDATE)","USD 2m–15m (ESTIMATE)","Evergreen corporate fund (size NOT PUBLICLY STATED)","Digital-health investments listed on sanofiventures.com (TO VALIDATE)","13","5","4","6","8","5","2","7","50","1","Low","44","C","C-Tier (50–64): maintain and monitor","NOT PUBLICLY IDENTIFIED","See team page on sanofiventures.com","https://www.sanofiventures.com/","Website https://www.sanofiventures.com/ (team page); LinkedIn","No known route","https://www.sanofiventures.com/","Unverified (prior knowledge)","Researched","Monitor; add to quarterly update list; approach after first pilot/revenue.","Sanofi Ventures is one of the few big-pharma CVCs that publicly includes digital health alongside biotech, giving MaternaLink a possible strategic route into pharma-backed patient-support programmes.","Sanofi Ventures backs venture-stage companies with clinical or data assets tied to Sanofi therapeutic areas, and maternal care coordination is not a core Sanofi franchise.","Lead with the UK maternal-health data opportunity and vaccine-in-pregnancy adherence use cases where Sanofi has commercial interest.","Not verified today (search budget exhausted). Sanofi has a UK presence (Reading) and a vaccines business; Sanofi Ventures' thesis is mainly therapeutics with selective digital health. Confirm current team and stage criteria before contact.","04_africa_em_vc.csv"
"VX-069","SR One Capital Management (formerly GSK's SR One)","Strategic / Corporate VC","Pharma-origin VC (independent since 2020; GSK anchor LP)","United States","Conshohocken, PA (also London)","https://www.srone.com/","https://www.linkedin.com/company/sr-one","PHONE NOT PUBLICLY AVAILABLE","","","","PHONE NOT PUBLICLY AVAILABLE","","NOT PUBLICLY AVAILABLE","NOT PUBLICLY AVAILABLE","","Venture investment in biotechnology companies developing novel therapeutics; company creation to crossover","Therapeutics/biotech","Drug discovery platforms","US and UK/Europe","Seed to crossover (biotech)","USD 5m–30m (ESTIMATE)","Circa USD 500m Fund II (2022) (prior knowledge; TO VALIDATE)","Biotech only; no maternal digital-health portfolio known","6","6","3","8","3","1","2","5","34","2","Low","32","D","Below 50: do not prioritise","Simeon George","CEO and Managing Partner, SR One (TO VALIDATE current role)","https://www.srone.com/","Website https://www.srone.com/; LinkedIn","No known route","https://www.srone.com/","Unverified (prior knowledge)","Researched","Hold. Re-score only if new information emerges.","SR One has a London office and GSK heritage, giving it UK life-science network value even though its thesis is therapeutics.","SR One only backs therapeutics biotech, so a maternal care-coordination software company is entirely off-thesis.","Do not pitch for capital; ask only for UK life-science network introductions if a warm route appears.","Verified in prior knowledge that SR One spun out of GSK in 2020 and is now an independent biotech VC with GSK as LP; it is NOT a digital-health investor. Included for completeness with a low score; consider dropping from active outreach.","04_africa_em_vc.csv"
